title,filename,hgv,languages,date_text,date_from,date_to,place,text,text_length
p.clackson.10,p.clackson.10,118262,"['en', 'cop', 'grc']",VIII,0701,0800,"Bawit (Hermopolites, Ägypten)",ϣ ⲓ ⲛⲉ ⲛⲥⲁ ⲥⲉ ⲛϭⲟⲩⲛⲉ ⲛⲥⲟⲩⲟ ⲛⲧⲉ ⲫⲟⲓ ⲛⲙⲁⲕⲁⲣⲉ ⲉⲣ ⲉ σί του ἀρτ άβαι ογ 𐅵 ϩⲓⲱⲟⲩ πρώτ η α φορά φ ω ρά ϩⲓⲧⲛ ⲡⲁⲥⲟⲛ ⲓ ⲱⲁⲛⲏⲥ ⲡⲉ πιστικός ⲡⲓⲥⲧⲓⲕⲟⲥ γί νεται θαλλί α ξ . Μεσορ ή ιε .,169
p.clackson.8,p.clackson.8,87974,"['en', 'cop', 'grc']",VIII,0701,0800,Bawit (Hermopolites),ϣⲓⲛⲉ ⲛⲥⲁ ϫ ⲟⲩⲱⲧⲉ ⲛϭⲟⲟⲩⲛⲉ ⲛⲥⲟⲩⲟ ⲛⲧⲉ ⲫ ⲟⲓ ⲛⲕⲗⲁⲩⲇⲉ ⲉⲣⲉ σί του ἀρτάβαι ϩⲓ ⲱⲟⲩ ϩⲓⲧⲛ ⲉⲛⲱⲭ ⲡⲟⲩⲟⲓⲉⲙⲁⲥⲉ γί νεται σί του θαλλί α κ α φορ ά,128
p.clackson.13,p.clackson.13,128348,"['en', 'grc']",VIII (?),0701,0800,Bawit (Hermopolites),ϛ φορὰ δ ιὰ Ἀπακι ρε καμ ή λ ια γ θαλλ ία η ἀρτ άβαι θ γ,56
p.clackson.19,p.clackson.19,118265,"['en', 'cop', 'grc']",VI - VII,0501,0700,Mittelägypten,Παῦ νι θ ἰνδικτίωνος ⲇⲓⲛ ⲇⲓ ⲕ ⲧⲓⲱⲛ ϛ ἰνδικτίωνος ⲇⲓⲛ ⲇⲓⲕⲧⲓⲱⲛ ⲙ ⲁ ⲛⲁⲡⲟⲗⲱⲛ ἅμ α ξ αι β σά κ κοι ι σί του ἀρτάβαι λ ⲉⲧ μυλών ⲙⲟⲩⲗⲟⲛ,128
p.clackson.30,p.clackson.30,118273,"['en', 'cop', 'grc']",VI - VII,0501,0700,Mittelägypten,ἰνδ ι κ τίωνος ζ Παῦ νι κ η ⲙⲁ ⲛ ⲡⲁⲃⲓⲛⲉⲟⲥ ἅμ α ξ αι η σάκ κοι ν σί του ἀρτάβαι ρκ ⲉⲧ μυλών ⲙⲟⲩⲗⲟⲛ,97
p.clackson.4,p.clackson.4,87973,"['en', 'cop', 'grc']",VIII,0701,0800,Bawit (Hermopolites),β φ ορά ϣⲓⲛⲉ ⲛⲥⲁ ⲛϭⲟⲟⲩⲛⲉ ⲛⲥⲟⲩⲟ ⲛⲧⲉ ⲛ ⲉ ⲙⲟⲛⲧ ϩ ⲓ ⲧⲛ ⲡⲟⲩⲟⲉⲓⲉ ⲛⲉⲙⲁⲥⲉ ⲛⲫⲟ ⲓ σί του ἀρτ άβαι η ⲛⲧⲕⲟⲩⲓ ⲛ ⲛ Κ ῦ ρος ἔγρ αψα α θαλλ,123
p.clackson.20,p.clackson.20,118266,"['en', 'cop', 'grc']",VI - VII,0501,0700,Mittelägypten,Παῦ νι θ ἰνδικτίωνος ⲇⲓⲛ ⲇⲓ ⲕ ⲧⲓⲱⲛ ϛ ⲙ ⲁ ⲛ ⲁⲡⲟⲗⲱⲛ ἅμ α ξ αι β σάκ κοι ι σί του ἀρτάβαι λ ⲉⲧ μυλών ⲙⲟⲩⲗⲟⲛ .,106
p.clackson.17,p.clackson.17,118263,"['en', 'cop', 'grc']",VIII (?),0701,0800,unbekannt,ⲙ ⲛ ⲧⲁ ⲟ ⲥ ⲉ ἀρτάβαι ⲁⲯ ⲁⲛⲉ ἀρτάβαι λ,37
p.clackson.14,p.clackson.14,128349,"['en', 'grc']",VIII (?),0701,0800,Bawit (Hermopolites),ιζ φορὰ δ ιὰ Βίκ τωρ καμ ή λ ια β θαλλ ία ϛ .,45
p.clackson.47,p.clackson.47,118283,"['en', 'cop', 'grc']",VIII,0701,0800,Bawit (Hermopolites),ⲁⲛⲟⲕ ⲡⲁⲥⲟⲛ ⲁⲡⲟⲗⲗⲱ ⲡϣ ⲛ ⲥⲧ ⲉⲓⲥϩⲁⲓ ⲙⲡ δίκαιον ⲇⲓⲕⲁⲓⲟⲛ ⲙⲡ μοναστήριον ⲙⲟⲛⲁ ⲥⲧⲏⲣⲓⲟⲛ ⲛⲫ ἅγιος ⲁⲅⲓⲟⲥ ⲁⲡⲁ ⲁⲡⲟⲗⲗⲱ ϩⲓⲧ ⲟⲟⲧϥ ⲡ ἀρχιμανδρίτης ⲁⲣⲭ ⲓ ⲙ ⲁⲛ ⲇ ⲣⲓⲧⲏⲥ ⲁⲩⲱ ⲡⲉⲓⲱⲧ ⲛⲡ τόπος ⲧⲟⲡⲟⲥ ϫⲉ ἐπειδή ⲉⲡⲓⲇⲏ ⲛ ⲧ οἰπή ⲟⲓⲡⲉ ⲛⲧ ἀθηναῖος ⲁⲑⲉⲛⲏⲥ ⲉⲣⲟⲓ ϩⲁⲣⲟⲓ ⲛⲓⲥⲓⲇⲱ ⲣⲟⲥ ⲙⲛ ὁλοκόττινος ϩⲟⲗⲟⲕ ⲟⲧ ⲉⲧⲁⲁⲩ,275
p.clackson.1,p.clackson.1,87969,"['en', 'cop', 'grc']",VIII,0701,0800,Bawit (Hermopolites),ϣ ⲓ ⲛⲉ ⲛⲥⲁ ϩⲙⲏ ⲙⲛ ⲟⲩⲉⲓ ⲛϭⲟⲟⲩⲛⲉ ⲛⲥⲟⲩⲟ ⲛⲧⲉ ⲡⲙⲁⲛⲃⲓϫ ⲉⲣⲉ σί του ἀρτάβαι μ ἀθη ναίου ἀθε ναίου ϩⲓⲱⲟⲩ ⲙⲛ σί του ἀρτάβαι ιϛ το ῦ δ ϩⲓⲧⲛ ⲉⲛⲱⲭ ⲡⲟⲩⲟⲉⲓⲉⲙⲁⲥⲉ γί νεται θαλλί α μα σί του ἀρτάβαι μ καὶ το ῦ δ ἀρτ άβαι ιϛ Παῦν ι η ἰνδ ικτίονος ιβ α καὶ β φορά,243
p.clackson.50,p.clackson.50,128359,"['en', 'grc']",VII - VIII,0601,0800,Bawit (Hermopolites) (?),,0
p.clackson.43,p.clackson.43,118280,"['en', 'cop', 'grc']",VIII,0701,0800,Bawit (Hermopolites),ⲛⲉⲕⲥϩⲁⲓ ⲛⲃⲧⲉϥ ⲡⲟⲟⲩ ⲁ ⲓ ⲕⲱ διακονία ⲇⲓⲁ ⲕⲟⲛ ⲓ ⲁ μᾶλλον ⲙⲁⲗⲗⲟⲛ ⲁⲩⲉⲓ ⲛⲏ ⲧⲛ ⲁⲧⲛⲉϭⲱⲡ ϩⲁ ⲣ ⲉϩ ⲉⲣⲟⲕ ⲟⲩⲉⲛ λογισμός ⲗⲟⲅⲓⲥⲙⲟⲥ ⲛⲙⲟⲕ ⲉϣ ⲱⲡⲉ ⲕⲟⲩⲱϣ ⲉⲓⲉⲕⲁ ⲡⲣⲱⲙⲉ ⲉⲃⲟⲗ ⲕⲟⲥ ⲡ ὁσιώτατος ϩⲟⲥⲓⲱⲧ ⲁⲧⲟⲥ ⲛⲉ ⲉ,183
p.clackson.42,p.clackson.42,118279,"['en', 'cop']",VIII,0701,0800,Bawit (Hermopolites),ϯ ⲙ ⲧⲓⲟ ⲙⲛⲧⲣⲉ ⲁⲛ ⲟⲕ ⲧⲓⲟ ⲙⲛⲧⲣ ⲉ,30
p.clackson.26,p.clackson.26,118270,"['en', 'cop', 'grc']",VI - VII,0501,0700,Mittelägypten,ἰνδ ι κ τίωνος ζ Παῦ νι ε ⲙⲁ ⲛ ⲛⲉⲡⲏⲣⲅⲟⲥ ἅμαξ αι γ σάκ κοι ιε σί του ἀρτάβαι μ ε ⲉⲧ μυλών ⲙⲟⲩⲗⲟ ⲛ,96
p.clackson.28,p.clackson.28,118272,"['en', 'cop', 'grc']",VI - VII,0501,0700,Mittelägypten,ἰνδ ι κ τίωνος ζ Παῦ νι ε ⲙⲁ ⲛ ⲛⲉⲡⲏⲣⲅⲟⲥ ἅμαξ αι γ σάκ κοι ιε σί του ἀρτάβαι ⲉⲧ μυλών ⲙⲟⲩⲗⲟ ⲛ,92
p.clackson.34,p.clackson.34,118276,"['en', 'cop']",Ende VII - Anfang VIII,0676,0725,"Fundort: Theben (Kerameia, Ägypten)",ⲁⲛⲟⲕ ϥⲣⲁⲛⲅⲉ ⲉⲓ ⲥϩⲁ ⲓ ⲙ ⲡ ⲁⲉⲓⲱⲧ ⲓⲉⲍⲉⲕⲓⲏⲗ ⲁ ⲕ ϫⲓ ⲛ ⲟⲉⲓⲕ ⲛⲁ ⲛ ⲙ ⲡ ⲣ ⲥⲧⲟ ϥ ⲙ ⲙⲟ ϥ ⲉ ⲃⲟ ⲗ ϣ ⲗⲏⲗ ⲉϫ ⲱ ⲓ ⲟⲩϫⲁ ⲓ ϩ ⲙ ⲡϫⲟⲉⲓⲥ,115
p.clackson.40,p.clackson.40,118277,"['en', 'cop', 'grc']",VIII,0701,0800,Bawit (Hermopolites),ⲁⲕ ⲁ ⲁ ⲃⲣⲁϩⲁⲙ ⲡ νοτάριος ⲛⲟ ⲧ ⲛ ϥ ⲥⲛⲏⲩ ⲁ ⲡ ϥ ⲥⲟⲛ ⲙ ⲛ ⲡⲓⲕ ⲣⲩ ⲙ ⲅⲉ ⲡϥⲥⲟⲛ ⲙ ⲣⲩ ⲙⲏⲛⲁ ⲙⲛ ⲧⲡⲉⲗ ⲥⲉϣⲧ ⲙ ⲏ ⲣ ⲧⲏ ⲣϥ ⲡ ⲓ ⲕⲟⲩϫⲉ ⲛⲧⲓⲙ ⲉ ⲛ ⲓⲟⲩⲟⲉⲓⲉ ⲑⲉ ⲙⲛ ⲉϭⲟⲩ ⲡⲣⲱⲟⲩ,149
p.clackson.45,p.clackson.45,118282,"['en', 'cop', 'grc', 'ar']",Dez. 753,,,unbekannt,μ ἀνυ σθὲν ἰνδ ικτίονος يسم الله الر حمن الرحيم هذا كتا ب من هشام بن ز تاد عامل الا مير عب د الملك بن يزيد على اعلى اشمون ليحنس ابن ا سدور من اهل دير ابو ابلوا من اعلى اشمون ابه اصابك من خزيه ر اسك لسن ة ست وثلثين وماية دنير ين عددا فا دفع ذلك الى قبل قريتك فى ستة اطبل فا ن يكتتب لك براءة منها بخاتم ه و لا تد فع اليه شيا سوا ذلك الكم لان وح مى تكتبن ان خذ فى قريت ك بجزية بعشت او غيره فان اخذ عنك حقا ر اليها فان يكر ه ان يكتبها لك ولا تدفعن اليه شيا واينى فانى غير كتبا لك شيا ادعته على اعد لم ياتينى منه خيرا وكيب يحى سلا فى جمادى الاخر سنة ست وشلشين وماية σὺν θ εῷ α πι λ π υ ⲁⲗⲙⲟⲩⲛ ⲑⲉ ⲛ ⲁ ϣⲉ ⲛⲥⲍⲓⲁⲇ ⲉϫⲱ ⲡⲣⲏⲥ ⲛ ϣⲙⲟⲩⲛ ⲧ πόλις ⲡⲟ ⲗⲓⲥ ⲡϥⲥϩⲁⲓ ⲓ ⲱ ⲁⲛ ⲛⲏ ⲥ ⲓⲥⲓⲇ ⲱⲣⲟⲥ ⲡⲣⲱⲙⲡ μοναστήριον ⲙⲟⲛⲁⲥⲧⲏⲣ ⲓ ⲟⲛ ⲛ ⲁⲡⲁ ⲁⲡ ⲟⲗⲗⲱ ϫⲉ ⲛ ⲁⲓ ⲛ ⲉ ⲛⲧⲁⲥⲧⲁϩⲟⲕ ⲛⲙⲟⲟⲩ ⲛⲅⲧⲁⲁ ⲩ ϩⲁ ⲡⲉⲕ διάγραφον ⲇⲓⲁ ⲅ ⲣⲁⲫ ⲟⲛ ⲇⲓⲁ ⲅ ⲣⲁϥ ⲟⲛ ⲛⲡ κανών ⲕⲁⲛⲱⲛ η ἰνδ ικτίονος ἔτ ο υ ς ρλϛ ⲉⲧⲉ ⲛⲁⲓ ⲛⲉ νο μίσματα β ⲛ ⲅ ⲧⲁⲁⲩ ⲛⲥⲟ καταβολή ⲕⲁⲧⲁⲃⲟⲩⲗⲏ ⲛⲅⲧⲁⲁⲩ ⲛⲡ βοηθός ⲃⲟⲏⲑ ⲟⲥ ⲛⲡⲉⲕⲧⲓⲙ ⲏ ϫⲓ ἐντάγιον ⲉⲛⲧⲁⲅⲓⲛ ⲉⲣⲟⲟⲩ ⲉϥ βουλλίζειν ⲃⲟⲩⲗⲓⲍⲉ ⲛⲧⲉϥ βούλλα ⲃⲟⲩⲗⲗⲁ ϩⲁ ⲟⲩ ϣⲁϥϣⲱⲡⲉ ϩⲁ ⲟⲩⲣⲱⲙⲉ ⲉϣⲁϥⲙⲟⲩ ἤγουν ⲏⲅⲟⲩⲛ ⲅ ⲟ ⲁ ⲛ ⲡⲉ ⲕ βοηθός ⲃⲟⲏⲑ ⲟⲥ ⲟⲩⲱϣ ⲛⲧⲓ ἐντάγιον ⲉⲛⲧⲁⲅⲓⲛ ⲛⲁⲕ ⲁⲙⲟⲩ ⲛⲁⲓ ⲙⲙⲁⲓ ⲉⲩ ⲉⲣⲟⲕ ⲉ ⲡ ⲁⲣⲉ ⲡⲉⲕϣⲁⲕϭⲓⲛϥ ⲛⲁⲓ ϩ ⲙ ⲡ ⲉⲕ ἐντάγιον ⲉⲛⲧⲁⲅⲉⲛ ⲧⲁⲣ ⲉⲕⲉⲓ ⲙ ⲉ ⲁⲓ ⲥ ⲙⲏⲛ ⲧⲓ πιττάκιον ⲡⲓⲧⲧⲁⲅⲉ ⲛ ⲁⲕ,1212
p.clackson.44,p.clackson.44,118281,"['en', 'cop', 'grc']",VI,0501,0600,unbekannt,κατά ⲕⲁ ⲧⲁ ⲟⲩⲙⲛⲧⲁⲑⲏⲧ ⲛ ⲉⲣⲉⲡⲉⲕ σῶμα ⲥⲱⲙⲁ ⲙ ⲧ ⲟⲛ ϯ ϩⲏⲩ ⲛ ϩⲟⲩ ⲟ πλήν ⲡⲗⲏⲛ ⲉⲣⲉⲡ ⲧⲛ παρακαλεῖν ⲡⲁⲣⲁⲕⲁⲗⲉⲓ ⲛ ⲛⲟⲩⲧⲉ ⲉϥⲉ χαρίζειν ⲭⲁⲣⲓⲍⲉ ⲙ ⲙⲟⲕ ⲁⲩⲱ ⲛⲁ ϯ ⲛⲁ ⲕ ⲛ ⲙ ⲡⲧⲁⲗϭⲟ ⲙ ⲡⲉⲕ σῶμα ⲥⲱⲙⲁ ⲙ ⲛ ⲡⲟⲩϫⲁ ⲓ ⲛ ⲧ ⲉ ⲕ ψυχή ⲯⲩⲭ ⲏ ⲙⲁⲣⲉⲕⲁ ⲁⲛ ⲛ ⲙ ⲡϣⲁ ⲛ ⲥⲱ ⲧ ⲙ ἤ ⲏ ⲛⲁⲩ ⲉⲡⲉⲕⲟⲩϫ ⲁⲓ ⲟⲩϭⲟ ⲙ ⲁ ⲓ ⲛ ⲧⲁⲧ ⲕ ⲙ ⲛ ⲧ ⲙⲁ ⲓ ⲛⲟⲩⲧⲉ ⲧ ⲛⲟⲟ ⲩ ⲥ ⲡ ἀγαθός ⲁⲅⲁⲑⲟⲛ ⲁⲛϫⲓⲧⲟⲩ ⲉⲩ ⲁⲛ ϫⲏⲩ ⲙ ⲛ ⲛⲉⲕⲥⲙⲟⲩ ⲧⲏ ⲣ ⲟ ⲩ ⲁⲛ εὐχαριστεῖν ⲉⲩⲭⲁⲣⲓⲥⲧⲁ ⲛⲁⲕ ⲧⲟⲛⲉ ϩⲓⲧ ⲛ ⲧⲛⲟϭ ⲙ προσφορά ⲡⲣⲟⲥⲫⲟⲣ ⲁ ⲉ ⲙ ⲛ ϭⲟⲙ ⲙⲟⲛ ⲉⲧⲟⲩⲉ ⲓ ⲟ ⲛⲁⲕ ϩⲁⲣⲟⲥ ἀλλά ⲁⲗⲗⲁ ⲡⲉⲛⲧⲁⲕ ⲧ ⲛ ⲟⲟⲩⲥ ⲛⲁϥ ⲟⲩ ἱκανός ϩⲓⲕⲁⲛⲟⲥ ⲡⲉ ⲉ θεραπεύειν ⲑⲉ ⲣⲁⲡⲉⲩⲉ ⲛⲧ ⲕ ψυχή ⲯⲩⲭⲏ ⲙ ⲛ ⲙⲛ ⲡⲉⲕ σῶμα ⲥⲱⲙⲁ οὔτε ⲟⲩⲧⲉ γάρ ⲅⲁⲣ ⲧ ⲛ ⲙⲡϣ ⲁ ⲁⲛ ⲛ οἰκονομία ⲟⲓⲕⲟⲛⲟⲙⲓⲁ ⲛ ϯⲙⲓ ⲛⲉ κατά ⲕⲁⲧⲁ ⲑⲉ ⲛ ⲧⲁⲕ κελεύειν ⲕⲉⲗⲉⲩⲉ ϫⲉ ⲧⲛⲟⲟⲩ ⲡⲛⲉϩ ⲙ ⲡⲉ ⲙⲡ θυσιαστήριον ⲑⲩⲥⲓⲁⲥⲧⲏⲣⲓⲟⲛ ⲉⲧⲟⲩⲁⲁⲃ ⲛⲁ ⲓ ⲙ ⲛ ⲟⲩ ϣⲏⲙ ⲙⲟⲟⲩ ⲉⲓⲥ ϩⲏⲏⲧⲉ ⲁ ⲓ ⲧⲛⲟⲟⲩⲥⲉ ⲁⲩⲱ ⲁ ⲓ ⲧⲛⲟⲟⲩ ⲟⲩ ⲕⲟⲩ ⲓ ⲛ ⲕⲟⲟϩ ϩ ⲛ ⲑⲟ ⲓ ⲧⲉ ⲛⲁⲡⲁ ⲥⲉⲩⲏⲣⲟⲥ ⲉ ⲓ ⲙⲉⲉⲩⲉ ϫⲉ ⲁⲕⲕⲁ ⲧⲱⲕ ϩ ⲛ ⲧ πόλις ⲡⲟⲗⲓⲥ ϩⲁⲣⲉϩ ⲉⲣⲟⲥ ⲉⲙⲁⲧⲉ ⲛⲁ ⲓ ⲉ ⲓ ⲥϩⲁ ⲓ ⲙⲟⲟⲩ ϯ ἀσπάζεσθαι ⲁⲥⲡⲁⲍⲉ ϫⲓⲛ ⲧ ⲕ ⲧⲉⲕ ⲁⲡⲉ ϣⲁ ϩⲁ ⲛⲉⲕⲟⲩⲉⲣⲏⲧⲉ ⲁⲩⲱ ϯϣⲓⲛⲉ ⲉⲧⲁ ⲙⲉⲣⲓⲧ ⲛ ϣⲉⲉⲣⲉ ⲕⲩⲣⲁⲕ ⲁⲗⲏ ⲧⲟⲛⲉ ⲙ ⲛ ⲛⲁⲡⲉⲥⲏ ⲓ ⲧⲏⲣ ⲟⲩ ⲧⲁⲙ ⲛ ⲧⲣⲉϥ ⲣ ⲛⲟⲃⲉ ϣⲗⲏⲗ ⲉⲧⲣⲉⲡⲛⲟⲩⲧⲉ ⲥⲙⲟⲩ ⲉⲣⲟⲥ ⲙ ⲛ ⲡⲉⲥⲏ ⲓ ⲧⲏⲣ ϥ ⲉ ⲓ ⲥ ⲛ ⲕⲟⲩ ⲓ ⲛ ⲛ σταῦρος ⲥⲧⲁⲩⲣⲟⲥ ⲁ ⲓ ϫⲟⲟⲩⲥⲉ ⲛ ⲛⲉⲥϣⲏⲣⲉ,1122
p.clackson.23,p.clackson.23,118269,"['en', 'cop', 'grc']",VI - VII,0501,0700,Mittelägypten,Παῦ νι θ ἰνδικτίωνος ⲇⲓⲛ ⲇⲓ ⲕ ⲧⲓⲱⲛ ϛ ⲙⲁ ⲛⲁⲡⲟⲗⲱⲛ ἅμ α ξ αι β σάκ κοι ι σί του ἀρτάβαι λ ⲉⲧ μυλών ⲙⲟⲩⲗⲟⲛ,102
p.clackson.37,p.clackson.37,128353,"['en', 'grc']",1. Hälfte VIII,0701,0750,"Bawit (Hermopolites, Ägypten)","ἔσ χ ο ν δ ιὰ Γεωργε κρ μονάζ ον τ ος ὑπὲρ ἀνδ ρισμοῦ δευτέρας ἰνδ ικτίωνος χρυ σοῦ ἀρ ι θ μίου 𐅵 , γί νεται ἀρ ι θ μίου ἥμισυ ἥμεσει . Φῖβ ἔγρα ψα στοιχ εῖ . Βίκτωρ στοιχεῖ στηχε͂",180
p.clackson.18,p.clackson.18,118264,"['en', 'cop', 'grc']",VI - VII,0501,0700,Mittelägypten,Παῦν ι η θ ἰ νδικτίωνος β ἡμέρ ⲉⲧ μυλών ⲙⲟⲩⲗⲟⲛ ⲃ ⲏⲙⲉⲣ ⲉⲧⲙⲟⲩⲗⲟⲛ ἅμαξ αι η σάκκ οι μ σί του ἀρτάβαι ρ κ ⲁⲩⲱ ⲁ ⲓ ϫⲟⲟⲩ ⲧⲁϭⲟⲗⲧⲉ ⲛ ϩⲓⲣⲟⲩϩⲉ ⲛ ⲧⲁ ⲓ ⲥϩⲁ ⲓ ⲥ ⲉⲧⲃⲉⲗϫⲉ παρά ⲡⲁⲣⲁ μέρος ⲙⲉⲣⲟⲥ τουτέστι ⲧⲟⲩⲧ ⲉⲥⲧⲓⲛ ϣⲁⲕϣ ⲓⲛⲉ ⲛ ⲥⲁ ⲯⲓⲧⲉ ⲛⲁϭⲟⲗⲧⲉ ⲙ ⲡⲟⲟⲩ,231
p.clackson.9,p.clackson.9,87975,"['en', 'cop', 'grc']",VIII,0701,0800,"Bawit (Hermopolites, Ägypten)",ϣⲓⲛⲉ ⲛⲥⲁ ⲥⲉ ⲛϭⲟⲟ ⲩ ⲛⲉ ⲛⲥⲟⲩⲟ ⲛ ⲧⲉ ⲗ ⲟ ⲉⲣⲉ σί του ἀρτάβαι ϩⲓⲱⲟⲩ ϩⲓⲧⲛ,66
p.clackson.5,p.clackson.5,87970,"['en', 'cop', 'grc']",VIII,0701,0800,Bawit (Hermopolites),ϣⲓⲛⲉ ⲛⲥⲁ ⲧⲁ ⲥⲁ ⲓⲟⲩ ⲛϭⲟⲟⲩ ⲛⲉ ⲛⲥⲟⲩⲟ ⲛⲧⲉ ⲡ ⲙⲁ ⲛ ⲁⲡⲁϫⲱ ⲓ ⲉⲣⲉ σί του σί του ἀρτάβαι ξα ϩⲓⲱⲟⲩ ϩⲓⲧⲉⲛ ⲡⲉⲧⲣⲟⲥ ⲡ πιστικός ⲡⲓⲥⲧⲓⲕⲟ ⲥ γί νεται θαλλ ί α ν σί του ἀρτάβαι ξα Ἐπὶφ ιγ ἰνδ ικτίωνος ιβ β φορά,190
p.clackson.12,p.clackson.12,38773,"['en', 'grc']",VIII,0701,0800,Bawit (Hermopolites),ιε φορὰ δ ιὰ Ἀπακιρε ἄπα Κῖρε καμ ή λ ια β θαλλ ί α η,53
p.clackson.6,p.clackson.6,87971,"['en', 'cop', 'grc']",VIII,0701,0800,"Bawit (Hermopolites, Ägypten)","ϣⲓⲛⲉ ⲛⲥⲁ ⲧⲁ ⲓ ⲟⲩ ⲛϭⲟⲟⲩⲛⲉ ⲛⲥⲟⲩⲟ ⲛⲧⲉ ⲡⲙⲁ ⲛⲁⲡⲁ ϫⲱⲓ ⲉⲣⲉ σί του ἀρτάβαι ξ 𐅵 ϩⲓⲱⲟⲩ ϩⲓⲧⲛ ⲡⲁⲥⲟⲛ ⲡⲉⲧⲣⲉ γί νεται θαλλί α ν , σί του ἀρτάβαι ξ 𐅵 . Ἐπεὶφ Ἐπὶφ ιζ ἰνδ ικτίωνος ιβ . γ φο ρά",175
p.clackson.25,p.clackson.25,87896,"['en', 'cop', 'grc']",VI - VII,0501,0700,Mittelägypten,Παῦ νι θ ἰνδικτίωνος ⲇⲓⲛⲇ ⲓ ⲕ ⲧⲓⲱⲛ ϛ ⲙⲁ ⲛⲁⲡⲟⲗⲱⲛ ἅμ α ξ αι β σάκ κοι ι σί του ἀρτάβαι λ ⲉⲧ μυλών ⲙⲟⲩⲗⲟⲛ,102
p.clackson.29,p.clackson.29,87912,"['en', 'cop', 'grc']",VI - VII,0501,0700,Mittelägypten,ἰνδ ι κ τίωνος ζ Παῦ νι ε ⲙⲁ ⲛ ⲛⲉⲡⲏⲣⲅⲟⲥ ἅμαξ αι γ σ άκ κοι ιε σί του ἀρτάβαι με,79
p.clackson.11,p.clackson.11,38772,"['en', 'grc']",VIII (?),0701,0800,Bawit (Hermopolites),θ φορὰ δ ιὰ Ἀπα- κιρε ἄπα Κῖρε καμ ή λ ια καμή λια β θαλλ ί α η .,65
p.clackson.16,p.clackson.16,128351,"['en', 'grc']",VIII (?),0701,0800,Bawit (Hermopolites),τόπου νοτ αρίου δ ιὰ Ταυρῖνε οἴ νου παλαιοῦ μγ μ ε γ άλα μ α γ αρικὰ ο ἑ ξήκ οντα . Θὼ θ κα ἰ ν δ ικτίονος ιβ ε φο ρά .,119
p.clackson.39,p.clackson.39,128355,"['en', 'grc']",1. Hälfte VIII,0701,0750,Bawit (Hermopolites),"ἔσχο ν παρὰ σοῦ ὑμῶν μονάζ ον τ ος μοναζ όν τ ων ἀπὸ ἀνδ ρισμοῦ ὀγδόης ἰ ν δ ικτίωνος χρυ σοῦ ἀρ ί θ μια δύο , γί νεται ἀρ ί θ μια β δύο . Ἁθὺ ρ κ ἰ ν δ ικτίωνος η , Μουσαῖος Μουσαίου ἔγρ αψα Βίκτωρ στοιχε ῖ Μηνᾶς Μηνᾶ στοιχε ῖ",227
p.clackson.48,p.clackson.48,128357,"['en', 'grc']",VIII,0701,0800,Titkois (?) (Hermopolites),Ἰωά ννης ἀνυ τὴς τ ῆ ς νο μίσματα ϛ 𐅵 γ ιβ Τιτκώ εως νό μισμα α Ἀπολλ πρ ε σβυτερ πρ ά κτωρ πρ α γματευτής 𐅷 Ἰωάννου νό μισμα α Ἰο ύ στου νο μίσματα ιβ,151
p.clackson.41,p.clackson.41,118278,"['en', 'cop']",VIII,0701,0800,Bawit (Hermopolites),ⲡⲁϣⲏⲣⲉ ⲉ ⲛ ⲥⲛⲟⲩϥ ⲕ ⲛⲁϥ ϩ ⲛ ⲡ ⲉⲣ ⲟⲩⲣⲟⲙⲡⲉ ⲛ ⲁⲣⲉϥ ⲉⲛⲛ ⲩϥ ⲛⲃⲉ ⲛϥⲉⲓⲛ ⲁⲣ ⲡⲁ ⲙ ⲇ ⲡⲉⲓⲡ,78
p.clackson.3,p.clackson.3,87976,"['en', 'cop', 'grc']",VIII,0701,0800,Bawit (Hermopolites),ϣⲓⲛⲉ ⲛⲥⲁ ⲛϭⲟ ⲟⲩⲛⲉ ⲛⲥⲟⲩⲟ ⲛ ⲧⲉ ⲡⲟϩⲉ ⲉⲣⲉ σί του ἀρτ άβαι ξβ ϩⲓⲓⲱ ⲟⲩ ϩⲓⲧⲟⲟⲧϥ ⲛ ⲡ ⲙ ⲁ ⲛ ⲕⲩⲣⲓⲥ γί νεται σί του θαλλί α ἀρτ άβαι ξβ ἐγ ρ ά φη Ἐπὶφ ζ ἰνδ ικτίωνος ιβ,157
p.clackson.36,p.clackson.36,128352,"['en', 'grc', 'cop']",1. Hälfte VIII,0701,0750,Bawit (Hermopolites),"ἔσχον παρὰ σοῦ Σαιας μονάζ ον τ ος ἀπὸ ἀνδ ρισμοῦ α ἰνδ ικτίωνος χρυσοῦ νομίσμ α τ ος τρίτον , γί νεται ἀρ ι θ μίου γ . Χοιακ ϛ , ἰνδ ικτίωνος α . Πιν ου τ ίων ἔγρα ψα . Βίκτωρ στοιχεῖ. Ἰωά ννης ⲡ καθηγητής ⲕⲁⲑ ⲏⲅⲏⲧⲏⲥ στοιχεῖ στηχεῖ .",234
p.clackson.21,p.clackson.21,118267,"['en', 'cop', 'grc']",VI - VII,0501,0700,Mittelägypten,Παῦ νι θ ἰνδικτίωνος ⲇⲓⲛ ⲇ ⲓ ⲕ ⲧⲓⲱⲛ ϛ ⲙⲁ ⲛⲁⲡⲟⲗⲱⲛ ἅμ α ξ αι β σάκ κοι ι σί του ἀρτάβαι λ ⲉⲧ μυλών ⲙⲟⲩⲗⲟⲛ,103
p.clackson.15,p.clackson.15,128350,"['en', 'grc']",VIII (?),0701,0800,Bawit (Hermopolites),η κ φο ρὰ δ ιὰ Ἐνῶχ καμ η λ ίτης σί του θαλλ ία ι μ ηνὶ Φ α ῶ φι ια ἰ ν δ ικτίονος ι,84
p.clackson.31,p.clackson.31,118274,"['en', 'cop', 'grc']",VI - VII,0501,0700,Mittelägypten,ἰνδ ι κ τίωνος ζ Παῦ νι κη ⲙⲁ ⲛ ⲡⲁⲃⲓⲛⲉⲟⲥ ἅμαξ αι η σάκ κοι μ σί του ἀρτάβαι ρκ ⲉⲧ μυλών ⲙⲟⲩⲗⲟⲛ,94
p.clackson.27,p.clackson.27,118271,"['en', 'cop', 'grc']",VI - VII,0501,0700,Mittelägypten,ἰνδικ τίωνος ζ Παῦ νι ε ⲙⲁ ⲛ ⲛⲉⲣⲡⲏⲣⲅⲟⲥ ἅμ α ξ αι γ σάκ κοι ιε σί του ἀρτάβαι με ⲉⲧ μυλών ⲙⲟⲩⲗⲟⲛ,95
p.clackson.22,p.clackson.22,118268,"['en', 'cop', 'grc']",VI - VII,0501,0700,Mittelägypten,Παῦ νι θ ἰνδικτίωνος ⲇⲓⲛ ⲇⲓ ⲕ ⲧⲓⲱⲛ ϛ ⲙⲁ ⲛⲁ ⲡ ⲟ ⲁ ⲗⲗ ⲱ ἅμ α ξ αι β σάκ κοι ι vac.; σί του ἀρτάβαι λ ⲉⲧ μυλών ⲙⲟⲩⲗⲟⲛ,114
p.clackson.33,p.clackson.33,118275,"['en', 'cop', 'grc']",VI - VII,0501,0700,Mittelägypten,ἰνδ ι κ τίωνος ζ Παῦ νι ζ ⲙⲁ ⲛⲁⲣ ⲓ ⲱⲛ ἅμαξ αι ε σάκ κοι κε σί του ἀρτάβαι οε ⲉⲧ μυλών ⲙⲟⲩⲗⲟⲛ,92
p.clackson.32,p.clackson.32,87930,"['en', 'cop', 'grc']",VI - VII,0501,0700,Mittelägypten,ἰνδ ι κ τίωνος ζ Παῦ νι κη ⲙⲁ ⲛ ⲡⲁⲃ ⲓ ⲛⲉⲟⲥ ἅμαξ αι η σάκ κοι μ σί του ἀρτάβαι ρκ ⲉⲧ μυλών ⲙⲟⲩⲗⲟⲛ,96
p.clackson.7,p.clackson.7,87972,"['en', 'cop', 'grc']",VIII,0701,0800,Bawit (Hermopolites),ϣⲓⲛⲉ ⲛⲥⲁ ϣⲙⲟⲩⲛⲉ ⲛϭⲟⲟⲩⲛⲉ ⲛⲥⲟⲩⲟ ⲉⲣⲉ σί του ἀρτ άβαι ι α 𐅵 ϩⲓⲱⲟⲩ ⲛⲧⲉ ⲫⲟ ⲓ ⲡⲁⲧⲁⲡⲉ ϩ ⲓ ⲧⲛ ⲁⲡⲟⲗⲗⲱ ⲡⲙⲁⲛ ϭⲁⲙⲟⲩⲗ γί νεται σί του θαλλία η σί του ἀρτ άβαι ι α 𐅵 . μ ηνί Ἐπεὶ φ Ἐπὶ φ δ ἰνδ ικτίωνος ιβ γ φ ορά,197
p.clackson.2,p.clackson.2,87977,"['en', 'cop', 'grc']",VIII,0701,0800,Bawit (Hermopolites),ϣⲓⲛⲉ ⲛ ⲥⲁ ⲧ ⲁ ⲓ ⲟⲩ ⲙⲛ ⲥ ⲟ ⲛ ϭⲟ ⲟⲩⲛⲉ ⲛⲥⲟⲩⲟ ⲉⲣⲉ σί του ἀρτ άβαι μβ β γ σί του καὶ ἀρτ άβαι μ το ῦ δ ϩⲓⲱⲟⲩ ⲙⲛ ⲙ ⲏ ⲧⲥⲛ ⲟ ⲟⲩⲥⲉ ⲛϭⲟⲟⲩⲛⲉ ⲛ ἄρακος ⲁⲣⲁⲕⲉ ⲉⲣⲉ ἄρακος ⲁⲣⲁⲕⲉ ἀρτ άβαι ι δ Ἀθη ναίου Ἀθε ναίου ϭⲟⲟⲩ ⲛ ⲉ καί ϯ ⲉ ⲛ ϭ ⲟ ⲟⲩ ⲛ ⲉ ⲟⲩ ⲛ ⲧ ⲙ ⲟⲧ ⲣ ⲥ κ ριθ ῆς ἀρτ άβαι Ἀθη ναίου Ἀθε ναίου δ 𐅵 ϛ γί νεται θαλ λία ν ϛ σί του ἀρτ άβαι μβ β γ δ καὶ σί του ἀρτ άβαι μ το α καὶ θαλ λία ιβ ἄρακος αρακε ι δ Ἀθη ναίου Ἀθε ναίου καὶ κ ριθ ῆς ἀρτ άβαι δ 𐅵 κρι θ ῆς ἄρ α κ ος,454
p.clackson.46,p.clackson.46,128356,"['en', 'grc']",10. Jan. 758 (Jahr unsicher),,,unbekannt,"μ ηνὸς Τῦ βι ι ε , ἰ ν δ ικτίωνος ια . δ ιὰ Ἰ ωά ν νο υ Γ εωρ γίου αν ἑν δ εκ άτης ἰ ν δ ικτίωνος ἀριθ μίου νο μίσματος ϛ κδ μδ ἕκτ ον εἰκοσιτ έταρτον εἰκουσιτ έταρτον τ ε σσαρ ακοστ ό γ δ οον μό να δοθ έντα Ἀβρ ααμίῳ Γεωρ γίου . Ζαχαρ ίας στοιχ εῖ .",250
p.clackson.24,p.clackson.24,87895,"['en', 'cop', 'grc']",VI - VII,0501,0700,Mittelägypten,Παῦ νι θ ἰνδικτίωνος ⲇⲓⲛ ⲇⲓ ⲕ ⲧⲓⲱⲛ ϛ ⲙⲁ ⲛⲁⲡⲟⲗⲱⲛ ἅμ α ξ αι β σάκ κοι ι σί του ἀρτάβαι λ ⲉⲧ μυλών ⲙⲟⲩⲗⲟⲛ,102
p.clackson.49,p.clackson.49,128358,"['en', 'grc']",2. Hälfte VI - 1. Hälfte VII,0551,0650,unbekannt,"τῷ εὐλαβ εστάτῳ ἀββᾶ Μήτρᾳ μονάζ οντι Ἱ ερακίων· παράσχ ου τοῖς ἀγγαρ ευταῖς Δωράνης ψωμία δέκα ὀκτώ , γί νεται ψωμ ία ιη . μηνὶ Μεσορὴ κδ α ἰνδ ικτίωνος .",155
p.clackson.38,p.clackson.38,128354,"['en', 'grc']",1. Hälfte VIII,0701,0750,Bawit (Hermopolites),ἔσχο ν παρὰ μ ον άζ ον τ ος μ ον αζ όν τ ων ἀπὸ ἀνδ ρισμοῦ ϛ ἰ ν δ ικτίωνος χρυσοῦ Φ α ῶ φι λ ἰ ν δ ικτίωνος ϛ Μουσαῖος Μουσαίου ἔγρ αψα Βίκτωρ σ τοι χ εῖ .,156
p.panop.20,p.panop.20,16191,"['en', 'grc']",nach 27. Okt. 310,0310-10-27,,Panopolis,μετ ὰ τὴ ν πρ οθ εσμία ν τὸν αὐτὸν καὶ συμπ ε φων ημένον τόκον ἄχρι ἀποδόσεως ἀποδώσεως · πρ ὸς δὲ τ ς ὑ δρε ύμ α τος π ρο κ ιο ς μη τρό ς μου τετελ ευτηκυίας ἐ κ καταπατήσ ε ω ς ἀνενεχ θὲν μηνὶ Φαῶφι ἐπὶ Χρυσίππου τοῦ κηνσιτορεύσαντος Πασνῶτος ἀνδρὸς αὐτῆς α ἐθέ μη ν σοι τὸ ν προκείμ ε νον χρηματισμὸν θέσθα ι κατʼ αὐτοῦ τ ἑτέρῳ τινὶ ἐξε ῖ ναι ἀντιρ βεβ α ιωσιν ἀπὸ παν τὸς ὀνόμ α το ς ἢ ἄλλ ου τιν ὸ ς ἁ πλ ῶς τὸ δὲ γραμμάτιον τῆς ὑποθήκης κύριον ἔστω καὶ βέβαι ο ν ὑπατείας Στα τ ί ο υ Ἀνδρονί κου καὶ Πομπηΐου Πρόβου ἀντίγραφον ὑπ ριθηκω,542
p.panop.24,p.panop.24,16195,"['en', 'grc']",ca. 323 - 326,0323,0326,Panopolis,"Οὐ αλερίῳ Οὐ ι κτ ω ρι νια νῷ τῷ διασ ημοτά τ ῳ ἡ γ ε μ όνι π αρὰ Αὐρηλίας Θεοδ ώρας Πανίσκ ου ἀπὸ Πανὸς ἐλαι ο πρ ατίσσης . Βησᾶς τις Βησᾶ ἀ π ὸ τῆς αὐτῆς πόλεως ἐν χρείᾳ ἀργυρ ίου γενόμενος ἐδανίσατο παρʼ ἐμοῦ ἔτι ἀπὸ ὑπατείας Στατίου Ἀνδρο νίκου καὶ Πομπη ί ου Πρόβου τῶν λ αμ προτάτων ποσότητα ἀργυρίου ὑποθ έμενος τὸ μέ ρ ος αὐτοῦ ἐλ α ι ο φο ι νι κῶνος, καὶ τῆς δ ιὰ τῆς ὑ ποθήκ ης προθεσμίας ἐν σ τάση ς , ὅτε ὤφειλεν ἀ π οδοῦναι, οὐκ ἀποδέδωκε ν . ὅθεν ἠναγκάσθην διὰ λιβ έλλου πρ ο σελ θεῖν Γρηγορ ί ῳ τῷ διασημ ότατα ἡγεμονεύσαντι π ε ρ ὶ α ὐ τοῦ ην καὶ δ ε δ ν τοτε ε σα ο ς μο α νη μ",595
p.panop.8,p.panop.8,16154,"['en', 'grc']",7. Sept. 338,,,Panopolis,"ῳ Ἀπόλλωνι Ἀπόλλ ο νι Δ ί ο υ ἄρξαντι Πανὸς π όλ εως π αρὰ Αὐρηλίου Πασσνῶτος Πασσνῶτος Ἀλόπηκ ος ἀπὸ τ ῆς αὐτῆ ς . μεμίσθωμαι μεμίσθομαι παρὰ σ ο ῦ ἀπὸ σήμερ ο ν ἐπὶ χρόνο ν δ ιετ ῆ δ ιεδ η τὸ μέρος σου ἐλαιοφοινικῶν ο ς ἐλεοφοινικῶν ο ς περὶ πόλιν πόλειν ἐκ βορ ρ ᾶ παρεμβολῆς παρα ιμ μβουλῆς ποτίζων ἀπὸ τοῦ ἐπιβάλλον τος επιβαλον τος σοι κ αὶ κ ληρ ο ν όμοις Ῥοδίνης Ῥωδίνης Ἀπόλλωνοᾳ μέρους ἡμίσους λάκκο υ το ῦ ἐνόντος καὶ τελέσω σοι ὑ π ὲ ρ φόρου τὸ ἥμισυ φοινίκ ων κ αὶ ἐλ αιῶν καὶ ποτίσω ἀλλότρ ια ἐδάφη χωρὶς φ όρου ὑδρείας ὑδρίας ἀπὸ τοῦ αὐτ οῦ ἐπιβάλ λ οντος ἐπιβάλοντος ὑμῖν μέρους ἡμ ί σους λάκκου καὶ πα ρέ ξω ος ἀ πὸ τοῦ αὐ τοῦ μ έ ρο υς σου ἐ λαι οφοι νικῶνος ὑπὲρ λόγου ἐξαιρέτου καινὰ καὶ πυθμ ένα ἕνα ἐλαίας, τῶν δημο σίω ν πάντων ὄντω ν πρὸς σὲ τ ὸ ν γεοῦχον, καὶ ἐπε ρ ω τ ηθεὶς ὡ μολό γησα . ὑπατείας Οὔ ρσου κ α ὶ Πολεμίου τῶν λα μ πρ ο τ ά των Θὼθ α ἐγρά φη δ ιʼ ἐμοῦ Ἀρτεμιδώρ ου ὁ πρ οκ είμενος ἐξ ε μ ί σ θωσα ἐ πὶ τ ο ῖ ς προκ ειμένοις δέματα ἕξ , τοῦ ὀργανικοῦ ος ὄντος πρὸς σ ὲ τὸν μισθωτή ν .",1024
p.panop.11,p.panop.11,16157,"['en', 'grc']",27. Nov. 320,,,Panopolis,"Αὐρηλίᾳ Θε ο δωρᾳ ἐλ α ιοπωλίσσῃ ἐ λ α ιωπωλίσσᾳ ἀπ ὸ Πανὸς π ό λ εως π αρ ὰ Σοφίας Ὡρίωνος ἀπὸ τῆς αὐτῆς . μ ε μίσ θ ωμαι π αρὰ σοῦ ἀπὸ τοῦ ὄντος μ η νὸς Χοιὰ κ π ρὸς χρόνον διετῆ τὴν τ ρ ί τ ην στ έ γην ἀπὸ οἰκίας σου οὔσης ἐ πὶ τοῦ β ἀμφ ό δ ου πό λ εως καὶ τελέσω σοι κατʼ ἔτος ὑ π ὲρ ἐ ν ο ικίου ἀργ υ ρίου δραχμὰς τρισχιλί ας τρεισχειλί ας , γίνονται ἀργ υρίου δραχμαὶ Γ , μεθʼ ὃ ν προκείμενον χρόνον ἀπ οδώσω σοι ὡς παρείληφα, καὶ ἐπερω τηθεῖσα ὡμολόγησα. ὑ π ατ είας τῶν δεσποτῶν ἡμῶν Κωνστ αντίνου Σεβαστοῦ τὸ ϛ καὶ Κωνσταντίνου τοῦ ἐπι φανεστάτου Καίσαρος τὸ α Χοιὰκ α .",580
p.panop.19colviiid,p.panop.19colviiid,16164u,"['en', 'grc']",,,,,ὀνό ματος Πασνῶτος Ἀλώπηκος ὑπὲρ καταδίκης Κλεοπάτρου μερισθείσ ης μερισθεις εἰς χλαμύδ ας χρυσοῦ γρ άμμα α η μόνον. μετὰ τὴν ὑπατείαν τὸ β καὶ τὸ α Μεχεὶρ κ α . Κόλανθος ἐξ έδωκα τὴν ἀποχ ήν .,193
p.panop.19colid,p.panop.19colid,16164d,"['en', 'grc']",,,,,"ὀνό ματος υἱῶν Βησᾶ Ἀντωνίνου Ἀλώπεκος ὑπὲρ β νέας ἰνδ ικτίωνος χλαμύδος ἕκτον, γί νεται χλ αμύδος ϛ μόνον. ὑπατείας Πλακίδου καὶ Ῥωμύλου Φαῶφι η . Ἀρσίνους ἐξ έδωκα . Χαρίσιος ἐξ έδωκα ὡς π ρόκειται . Πανίσκος σεσημ είωμαι .",225
p.panop.19colxi,p.panop.19colxi,16164z,"['en', 'grc']",,,,,"ὀνό ματος υ ἱ ὸς β Βησᾶ Ἀντωνίνου Ἀλώπηκος ὑπὲρ α φυλῆς Τριαδέλφου χάρται ἓξ αδη τάλαντα τεσσεράκοντα, γί νονται χάρτ αι ϛ αδη τάλαντα μ μόνα μον α ς . μετὰ τὴν ὑπ ατείαν Μαρκελλίνου καὶ Προβίνου τῶν λαμπροτάτων Τῦβι ιζ . Ἀπόλλων Βησᾶ ἐξ έδωκα ὡς πρ όκειται .",259
p.panop.19coliiia,p.panop.19coliiia,16164g,"['en', 'grc']",,,,,"ὀνό ματος υἱῶν υἱο ι Ἀντωνίνου Βησᾶ Ἀλώπηκος ὑπὲρ ιδ ἰνδικτίωνος χρυσοῦ τελωνι κοῦ γράμμα τος ἥμισυ τρίτον τετρακαιει κοστὸν τεσσαρακοστόγδοον τεσσα ρακοσόγδοον , γί νεται χρυσοῦ γρά μματος 𐅵 γ κδ μη . ὑπατείας Ἀκινδύνου καὶ Προκούλου Μεσορὴ ἐπαγομένω ν τρίτῃ. Θαυμάσιος ἐξ έδωκα .",281
p.panop.31,p.panop.31,16201,"['en', 'grc', 'la']",ca. 329,,,Panopolis,"ἀδικεῖ τὸν αὐτ ὸν γεγηρακ ότα Ἱερακαπόλλων τις βουλ ευτὴς ἐπὶ ταύτ ης πόλε ως · γειτν ιεύων εειτν αὐτ ῷ κατʼ ἀγρο ὺς ἀπέσπασ εν ἀρ ούρας ε το ῦ β οη θ ουμένου ἐπὶ τοῦ παρ όντος ἐνιαυτ οῦ προόντ ι μην ὶ τῇ βί ᾳ χρ ώμ ενος · ἐπ εὶ πά ν τα αὐτ ὸς συντελεῖ ὑπ ὲρ τῆς γῆς δεῖται ἀποκαταστ αθῆναι αὐτῷ ἔτι δὲ τὲ κ αὶ τοὺς φόρ ους βοηθείᾳ Ἡσυχίου ἀπὸ ἐξ ακτόρων , εἰ ἠ ἀναισχ υντοίη πέμπ εσθαι εἰς τὸ δικ αστήριον",406
p.panop.2,p.panop.2,16148,"['en', 'grc']",22. Okt. 308,,,Panopolis,"Αὐρηλ ίῳ Ποιμενίῳ προεδρεύσαντι παρὰ Αὐρηλ ίου Πανσνῶτος Βησᾶ ἐλαιουργοῦ ἀπὸ Πανὸς πόλ εως . μεμίσθωμαι παρὰ σοῦ πρὸς μόνον τὸ ἐνεστὸς ἔτος χέρσ ον γῆν περὶ πεδ ίον Θμοήσεως ἐξ ἀπηλ ιώτου τοῦ λάκκου εἰς κατάθεσιν ὧν ἐὰν βούλωμαι βούλομαι γενῶν πρὸς ἀναμέτρη σιν φόρου ἑκάστης ἀρού ρη ς ἐπ ʼ ἀποτάκτου ἀργυρίου Σεβαστῶν νομίσματος δραχ μῶν πεντακοσίων πεντακοσίας , χωρὶς δια φόρου καὶ χειριστικοῦ τῶν δημοσ ίων πάντων καὶ ἐπι βολῶν ὄντων πρὸς σὲ τὸν γεοῦχον. ὑπατείας τῶν δεσποτῶν ἡμῶν Διοκλητιανοῦ πατρὸς Αὐγούσ τ ων Ἀγούσ τ ων τὸ ι καὶ Γαλερίου Ο ὐαλ ερίου Μαξιμιανοῦ Αὐγούσ το υ Ἀγούσ το υ τὸ ζ πρὸ ια Καλανδῶν Νωεμβρίων. Ποιμένιος διʼ ἐμοῦ Δημητρίου ἐξεμίσθωσα πρὸς Ἀνουβᾶν τὸν καὶ Χα βρίαν —.",697
p.panop.3,p.panop.3,16149,"['en', 'grc']",28. Okt. - 26. Nov. 310,0310-10-28,0310-11-26,Panopolis,"Α ὐρηλ ίᾳ Ἀπολλωνίᾳ ἀπὸ Παν ὸ ς πό λ εως π αρὰ Αὐρ ηλ ίου Πασνῶτος Βησᾶ ἀπὸ τῆς αὐτῆς . μεμίσθωμαι παρὰ σοῦ ἀπὸ το ῦ ὄ ντος μηνὸς Ἁθὺρ τῆ ς ἐνεστώσ η ς ὑπατείας πρὸς διετῆ χρόνον τὸ αἱροῦν σοι μέρος τοῦ ἐλαιοφοι ν ικῶνός σου περὶ πεδίον πεδιου Π μού χεως ἐφʼ ᾧ με μαι ποτί σαι ἀ μέμπτ ω ς, καὶ παρέχω σ ο ι ὑπὲρ φόρου παν τὸς το ῦ περ ι γινομένο υ ἐλαιῶν τε καὶ φοινίκω ν ἐμο ὶ μὲν τῷ μι σθωτῇ μέρ ο ς ἓν ἥμισυ , σοὶ δὲ τῇ γεο ύ χῳ , φόρου τοῦ ξυλικοῦ ὀργ άνου κα ὶ ἀ γγ ἐκ κο ινοῦ αἰ ρο μέ ν ου, τῶ ν δημ οσίων πάντων ὄντων πρὸς σὲ τὴν γεοῦχ ον . ὑπατ είας Τατίου Ἀνδρονίκου καὶ Πομπηίου Πρό βο υ τῶν λαμπροτάτων ἐπάρχων τοῦ ἱεροῦ πρ αιτωρίου Ἁθύρ.",649
p.panop.19colxa,p.panop.19colxa,16164x,"['en', 'grc']",,,,,"ὀνό ματος υἱῶν υ ἱ οι Βη σ ᾶ Ἀντωνίνου Ἀλώπηκος ὑπὲρ γ ἰνδικ τίωνος χρυσοῦ τελωνικοῦ γράμματος ἥμισυ τρίτον τετρακαιεικοστόν, γί νεται γρ άμματος 𐅵 γ κδ μό νον . ὑπατείας Λεοντίου καὶ Σαλουστίου Θὼθ ραπο ρος ἐξ έδωκα .",218
p.panop.6,p.panop.6,16152,"['en', 'grc']",336,,,Panopolis,"ομ εἰς κατὰ θεσ ιν κρι θῆ ς φόρο υ ἀ ποτάκτου κ ριθ ῆς ἀρτ αβ ῶ ν ἥμισυ μέτρῳ αρτα λαχα υ χωρ ὶς διαφό ρου . καὶ τῶν περ ιγ εινομέ ν ων φοι ν ίκων κ α τὰ τὸ ἥμισυ , τῶν δημο σ ίων πάντ ω ν καὶ ἐπιβολῶν ὄντων πρὸς σὲ τὸν γεοῦχο ν , κ αὶ ἐ περωτ η θ εὶς ὡμολό γ ησ α . ὑπα τε ίας Οὐι ρί ου Νεπωτιανοῦ καὶ Τ ετ τίου Φακούνδ ου τῶν λαμπροτάτων ?",341
p.panop.7,p.panop.7,16153,"['en', 'grc']",ca. 338 - 339,0338,0339,Panopolis,"Αὐρηλίῳ ώρῳ Ἰσιδώρου ἄρξ αντι Πανὸς πόλ ε ως παρὰ Αὐρηλίου Π ασνῶτος Πασνῶτος ἀπὸ τῆς αὐτῆς . μεμίσθ ωμαι παρὰ σοῦ ἀπὸ σήμερ ον πρὸς ἐνιαυτὸν πωμάριόν σου φοινι κων φ υ νι κων περὶ τὴν αὐ τὴ ν πόλιν πεδίου Πμούχ εω ς, εἰς ὃ ἐργά σομαι πάσῃ τῇ κη πουργικῇ ἐργασίᾳ ποτίζων ἀ δ ιαλείπτως ἀ δ ιαλίπτως διὰ τῶν ἰδίων ἐμαυτ οῦ κτηνῶν, παντ ὸς τοῦ περιγεινομέν ου εν κατὰ τὸ ἥμισυ , γε ωρ γήσω δὲ τ ὴν μι",397
p.panop.29,p.panop.29,16199,"['en', 'grc']",1. - 24. Juli 332,0332-07-01,0332-07-24,Panopolis,"Αὐ ρ ηλί ῳ Σερήνῳ ἐξάκτορι Πανοπολείτου πα ρὰ Αὐ ρ ηλί ου Πασνῶτος Ἀλώπηκος ἀπὸ τῆς αὐτῆ ς Πανὸς πόλεως. πρώην ὀν ο μ α σ θ εὶς ὑπὸ Βησοῦτος ἱ ερίσσης τῆς α ὐτῆς πόλεως εἰς κτηναρχ ί αν κτηναρχε ί αν καὶ κατέφυ γον ἐπὶ τὴν ἀρε τ ὴν τοῦ κυρίου μου διασημοτάτου ἡγεμόνος Φλαυου ί ου Κυ ι ντιλλινιανοῦ περ ὶ τούτου καὶ ἔ τυχον ἀπ ο φάσεως αὐτοτελοῦ ς διʼ ὑ πομνημάτων διʼ ἧς οὑ ἐκέλευσεν τὸ μεγα λε ῖ ον αὐτο ῦ ἕτερο ν ἀ ντʼ ἐμοῦ προβληθῆναι διὰ τὴν τ οῦ γήρους μου ἡλικίαν βοηθείᾳ τοῦ ἐκδίκου οὐ κ οἶδʼ ὅπ ω ς ἀπὸ ἕκτης τοῦ ὄντος μηνὸς Ἐπεὶφ μέχρι σήμερόν σοι ὁ αὐτ ὸ ς ἐπ ὶ τῶν τόπ ων δυναστεύων κατακλείσας με εἰς τὸ δημόσιον λογιστήριον καὶ μὴ ὑπα κ ο ύ σα ς τῇ κελεύ σ ει τοῦ αὐτοῦ κυρίου μου ἡγεμόνος ἠνάγκασέν με βου λό μενός με ἐ κ τελέ σ αι τὸ φρόντισμα τῆς κτηναρχίας κτηναρχείας . συνκροτῆται οὖν τὰ δικαστήρια τοῦ αὐτοῦ κυρίου μου διασημ οτ άτ ο υ ἡγεμό νος πα ρὰ τῇ σῇ μετριότητι ἐμ οῦ τε καὶ σοῦ καὶ κατὰ τῶν προσόντων μοι δι κ αίω ν ἐξεκαλεσάμην ἀπὸ σοῦ ἐπιβοώμενος τὸ μεγαλεῖον τοῦ αὐτοῦ κυρίου μου δια σημοτάτ ου ἡγεμόν ο ς ἐπιδίδωμί σοι ταύτην τὴν ἔκκλητον ἀξιῶν δοθῆναί μοι τ ὴν συνή θ ην ὑποσημείωσιν ὑποσημίωσιν καὶ τοὺς διδομένους διδόσθαι ἀποστόλους πρὸς τὸ δύ νασθαι δι αγω νίσασθαι ἐπ ὶ τοῦ ῥητοῦ τοῦ μεγαλείο υ αὐ τ οῦ τὴν ἔκκλητον καὶ ἐκδικίας ἐκδικείας τυχεῖν καί, εἰ βο υληθείης προέσθαι μοι τὴν συνήθην ὑποσημείωσιν ὑποσημίωσιν , γινώσκειν σε ἐκ τ ῆς προθ έσεως τῶν κολλημάτων ταύτης ταυτην μου τῆς ἐκκλήτου μὴ εἴργεσθαι τὸν ἀγῶνα τόνδε μο υ τοῦ ἀχράντου δικαστηρίου αὐτοῦ ἀξιώσοντα τὸν τῆς βουλῆς σκρίβαν ποιῆσα ι τὸ πρ ο θέσιμ ο ν τῆς ἐκκλήτου. ὑ πατείας Πα π ί ο υ Πακατιανοῦ τοῦ λαμπροτάτου ἐπάρχου τοῦ ἱεροῦ πραιτωρίου καὶ Μεκιλίου Ἱλαριανοῦ τοῦ λαμπροτάτου vestiges Ἐπεὶφ",1704
p.panop.19colie,p.panop.19colie,16164e,"['en', 'grc']",,,,,"ὀνό ματος Βησᾶ Ἀντωνίνου Ἀλώπηκος ὑπὲρ γ ἰνδ ικτίωνος στιχ αρίου ἕκτον, γί νεται στιχ αρίου ϛ . ὑπατείας Λεοντίου καὶ Σαλουστίου Θώθ. Ἀντίπατ ρος ἐξ έδωκα . ι κ ἐξ έδωκα τὴν ἀποχή ν .",183
p.panop.26,p.panop.26,16196,"['en', 'grc']",28. Febr. 322,,,Panopolis,ε ἐλ ε ήσ ας τ μ μ ε τριό τ ητ τ ὰ ἀπ ο φαν θέ ντα ἐπὶ πέρας προε ες αἱ ἡμ έτ ερ αι σι αν ἐπιμετ ρ α δον ν ἵ να δυνηθῇ ἐπικρατῆσαι τ π ραγ μάτων ὅλων ἑξήκοντα ν διαγενομένων οὐκ ἐπείσθη ἐπίσθη τῷ ν ἐκβιβάζεσθαι κ ατὰ ἡγε μονικὸν ὅρον υ ν ἠπείχθην έχοντε ς ς πραχθεῖσιν τ ὸ μ έρος ἐλ αιοφοινικῶνος καὶ φρον τιστῇ π α ρα δό ντες,326
p.panop.19colvid,p.panop.19colvid,16164p,"['en', 'grc']",,,,,"ὀνό ματος υἱῶν υ ἱ ος Βησᾶ Ἀντωνίνου Ἀλώπηκος ὑπὲρ χρυσ οῦ τελωνικ οῦ ιβ ἰνδικ τίωνος γράμμα τος ἥμισυ τρίτον τετρακαιεικοστὸν ἐνενηκόσθεκτον ἐννηκοστεκτον , γίνεται γρά μματος 𐅵 γ κδ ϙϛ μόν ον . ὑπατείας Οὔρσ ου καὶ Πολεμίου Μεσορὴ ιθ . Νεμεσᾶς ἐξ έδωκα .",256
p.panop.28,p.panop.28,16198,"['en', 'grc']",9. Juli 329,,,Panopolis,"Φλαυ ί ῳ Γρη γ ο ρίῳ τῷ διασημοτάτῳ ἡγεμόνι παρὰ Αὐρηλίας Σενμώρου Σανσνῶτος διʼ ἐμοῦ Αὐρηλίου Σανσνῶτος Βησᾶ πατρὸς αὐτῆ ς τοῦ καὶ ἔχοντος αὐτὴν ὑποχειρ ίαν ἀπ ὸ Πανὸ ς πόλεως. πρὸ δωδεκαετοῦς χρόνου, οἷα γείνεται, ἡγεμὼν κύριε, ἐκ παρθενείας ἀνδρ ὶ ἐγαμήθη Πανίσκῳ τι ν ὶ ουθου ἀπὸ τῆς αὐτῆς πόλεως, ἐξ οὗ τεκνοπο ιία ν ἔσχεν, καὶ ὑπολείπεται αὐτῇ υ ἱ ός. ἔπειτα δὲ ἐξεβλήθη πρὸ ἐνιαυτοῦ, καὶ μέχρι σήμερον τρέφεται ὑπʼ ἐμοῦ μετὰ τοῦ υ ἱ οῦ αὐτῆς. οὐ μὴν ἀλλὰ καὶ ὑπέθετο ὁ ἀνὴρ αὐτῆς τὰ ἐνέχυρά μου τὰ ἐν τά ξ ει προικὸς δοθέντα αὐτῇ ὑπʼ ἐμοῦ ἐν ὥ ρᾳ γ άμου τινὶ δανειστῇ δανιστῇ , καὶ μέχρι σήμερ ον οὐκ ἀνέ λα βεν. ὕστερον δὲ με τ ὰ πολὺ ν χρόνον ἀπέσπα σεν τὸν παῖδα. διὸ πρ οήχθην δεηθῆναι τῆς σῆς χρησ τ ό τ ητος, ἡγεμὼν κ ύριε, διὰ τῆς δέ μου τῆς ἀναφο ρᾶ ς ἀξιῶν κελεῦσαι διὰ τῆς σῆς κελεύσεως διʼ οὗ ἐὰν δοκι μάσ ῃ σου τὸ μεγαλεῖον τοῦτον ἐπαναγκάσαι λυτρωθῆναι τὰ ἐνέχυρα αὐτῆς καὶ ἀποκα ταστ αθῆ ν αί μο ι καὶ μὴ ἐνοχ λεῖσθαί με περ ὶ ὀφειλῆς αὐτοῦ, ὅπως ἐκ τῆς σῆς προστάξεως τὰ ἴδια δυνάμενος ἀναλ αβ εῖν καὶ ἐ κ τούτων τραφῆναι χάριτάς σοι ὁμολογήσω. διευτύχει. ὑπατείας τῶν δεσποτῶν ἡμῶν Κωνσταντίνου Αὐ γο ύστου Ἀ γο ύστου τὸ η καὶ Κωνσταντίνου τοῦ ἐπιφανεστάτου Καίσαρος τὸ δ Ἐπεὶφ ιε . Αὐρήλιος Σ ανσνῶς ὁ προκ είμενος ἐπιδέδωκα ὡς πρόκ ειται . ἔγρα ψα ὑπὲρ α ὐτοῦ Αὐρή λιος Ἱερακίων.",1304
p.panop.14,p.panop.14,32564,"['en', 'grc']",IV,0301,0400,Panopolis,κλη ρουχικῆς τάξ εως κοί της σν βορρ ᾶ ἐχό μενα ἄρουραι κ ξδ ὧν καταπ α τήσ ει ἐλαιοφοινικ ῶνος ἄρουραι ι η φοιν ικῶνος ἄρουρα α ῥοδεῶνος ἄρουρα α η λαχ ανείας ἄρουραι ζ ξδ ψιλ ῆς ἐσπ αρμένης ἄρουραι ε 𐅵 γίνονται αἱ προκ είμεναι βορρ ᾶ ἐ χό μενα λαχ ανείας ἄρουραι δ 𐅵 δ ξδ ῥοδεῶ νος ἀρούρης 𐅵 η ὧ ν κληρο νόμων Θεωνᾶ Διδύμου καὶ κοι νωνῶν λαχ ανείας ἄρουρα α η Σερήνου καὶ Σερηνίλλας καὶ Ἀνδρονίκου τοῦ κ αὶ Σαρ α πίωνος πρ εσβυτέρου Ἀρείου καὶ Μα ξίμου λαχ ανείας ἀρούρης 𐅵 δ Θέωνος τοῦ κ αὶ Δημ ητρ ίου καὶ κοι νωνῶν λαχ ανείας κ αὶ ῥοδ εῶνος ἀρούρης 𐅵 ου τ ο ῦ κ αὶ Δ ια νοῦ καὶ Ἀρείας καὶ κ ληρο νόμων Πανίσκου τοῦ κ αὶ Διονυσίου ῥοδε ῶνος καὶ λαχ ανείας ἀρούρης δ η Δεκιανοῦ Δαικιανοῦ τοῦ κ αὶ Σαβείνου ῥοδ εῶνος καὶ λα χανείας ἀρούρης η Ὥρ ου στεφανηπλόκ ου καὶ Πετήσι ος καὶ κοι νωνῶν ῥοδε ῶνος καὶ λαχ ανείας ἀρούρης 𐅵 Πετήσιος στεφανηπλόκ ου καὶ Πβήκ ιος ἀδελφοῦ ῥοδ εῶνος καὶ λαχ ανείας ἀρούρης 𐅵 η τ ῆς κ αὶ Πλ ου τ άρχ ης ῥοδ εῶνος καὶ λαχ ανείας ἀρούρης 𐅵,969
p.panop.19colib,p.panop.19colib,16164b,"['en', 'grc']",,,,,"ὀν όματος υἱῶν Ἀντωνίνου Βησᾶ Ἀλώπεκος ὑπ ὲρ β νέας ἰνδικτ ίωνος χρυσοῦ τελωνικοῦ ἐπικεφαλαίου γ ράμματος ἥμισυ τρίτον τετρακαιεικοστὸν τεσσα ρακοστόγδοον τεσσα ρακοσόγδοον ἐνενηκόσθεκτον ἐννηκοσεκτον , γί νεται γρ άμματος 𐅵 γ κδ μη ϙϛ μόνον. ὑπατείας Φουρίου Πλακίδου Πλακίτου καὶ Φλαυ ί ου Ῥωμύλου τῶν λαμπροτάτων Θὼθ ιε . Ἱ έραξ ἐξ έδωκα .",342
p.panop.23,p.panop.23,16194,"['en', 'grc']",nach 314,0314,,Panopolis,Γε σιθέῳ τῷ καὶ Ἀπολ λ στρατ ηγ ῷ ἤτοι ἐξάκτορι Π ανοπολ είτου π αρὰ Αὐρηλ ίου ς Βησᾶ ἀπὸ τῆς α ὐτῆς . εἰ ς χρείαν με γά λη ν ἐλθόν τι Βησᾷ ἀδελφῷ μου σα κ αὶ οὐ βουλη θεὶς αὐτὸν περι ι δεῖ ν τῆς ἐμῆς συ μ βίου ὑποθέμενος τ ὰ π αρʼ αὐτοῦ τότε ζητο ύμ ε να διέλυσα καὶ πρὸ ς ἀσφ άλειαν τῶν δοθέντων ὑπὲρ αὐτοῦ ὑποθήκην ἔθετο εἰ ς ὄνομα τῆς ἐμ ῆς συμβίου Θεοδώρας μέρους ἐλαιο φ οινικῶ νος ρ α ε τον παρ εῖδ εν ἕ ως δ καὶ περ ὶ τούτων ἐν τ υχὼν τῷ διαση μοτάτῳ Ἀντω νί ῳ Γρ η γορίῳ ἔτυχον ὑπ ογ ρ αφῆς οὕτως ἐχού σης· τὰ το ῦ ἀδελφοῦ ἐνέχυρ α η ἐπιλ ύ ε σ θαι τ οῦ τον τὸ ὄφλημ α ὑπατείας Ῥουφίου Οὐολ ουσιανοῦ καὶ Π ετρωνίου Ἀννια νοῦ τῶν λ α μπρο τάτων τ ὴν σὴν ἐπιεί κειαν,673
p.panop.19colviiia,p.panop.19colviiia,16164r,"['en', 'grc']",,,,,ὀν όματος υἱῶν Ἀλώπηκος ὑπ ὲρ στεγέστρου τρεισκαι τρεισκαι ι δεκάτης ἰνδικτίωνος τὰ αἱροῦντα. ὑπατεί ας τὸ β καὶ τὸ α . Θεόδωρος Περσέως ἐξέδωκα.,145
p.panop.25,p.panop.25,32565,"['en', 'grc']",ca. 316,,,Panopolis,Αὐρηλί ω ι Αἰνείᾳ,17
p.panop.17,p.panop.17,16162,"['en', 'grc']",25. Febr. - 26. März 329,0329-02-25,0329-03-26,Panopolis,"Ἁρποκρᾶς Πασνῶτι Ἀλώ π η κος χ αίρειν . δὸς ἀπὸ λόγ ου χλαμυδαρχικοῦ Ποιμ ενίῳ ἐπείκ τῃ α πάγου β ἰνδ ικτίωνος ἀργυρίου τάλαντα δύο, γί νεται τάλαντα β μό να . ὑπατείας τὸ η καὶ τὸ δ Φαμε νώθ . Ἁρποκρ ᾶ ς ἐσημ ειωσάμην ὡ ς πρόκ ειται . Ποι μένιος ἔσχ ον τάλαντ α δ ύ ο .",270
p.panop.19colii,p.panop.19colii,16164f,"['en', 'grc']",,,,,"ὀν ομά των υἱῶ ν Βησᾶ Ἀντωνίνου Ἀντονίνου Ἀλώπεκος Ἀλωπ ε ξ ὑπὲρ τελωνικοῦ δ νέας ἰνδικ τίωνος χρυσοῦ γράμμα ἕν, γί νεται γρ άμμα α . ὑπατείας Ἀμαντίου καὶ Ἀλβίνου τῶν λαμπροτάτων Φαῶφι ιη . Παμῖνις Ἰσιδώρου ἐξ έδωκα .",218
p.panop.18,p.panop.18,16163,"['en', 'grc']",ca. 329,,,Panopolis,"Ἁρποκρᾶς Πασνῶτι Ἀλώπ η κ ος χ αίρειν . δὸς τοῖς ἀπαιτηταῖς ὀφείλεις μοι λόγου χλαμυδαρχικοῦ τάλαντα δύο δραχμὰς δισ χιλίας δισ χειλίας πεντακοσίας, γί νεται τάλαντα β Βφ Χ οιάκ. Ἁρποκρᾶς ἐσημ ειωσάμην ἐπίσταλ μα ἀργ υρίου ταλάντων β Βφ μ όνα . ἔσχον τὰ δηλωθέντ α διὰ τοῦ χειρο ἐπιστάλματος τάλαντα β δραχμὰς Βφ ὡς πρόκ ειται .",328
p.panop.9,p.panop.9,16155,"['en', 'grc']",20. März 339,,,Panopolis,"Αὐ ρ η λίᾳ Ταλοῦτι γυναικ ὶ ἀ πὸ Πανὸς πόλεως π αρὰ Αὐρηλ ίου Πασνῶτος Πασνῶτος ἀπὸ τῆς αὐτῆς . μεμίσθωμαι παρὰ σοῦ ἀπὸ σή με ρ ο ν πρὸ ς μόνον τὸ ἐνεσ τὸς ἔτο ς μέρος σου φοινικῶνος περὶ τὴν π ό λιν ἐφ ʼ ᾧ με τ ὴ ν ἐπι μέλειαν ποιήσασθαι κ αὶ ἀναβολὴ ν κ αὶ ποτισμ ὸν καὶ ὠχί αν , καὶ παντὸς τοῦ περιγει νομέ ν ου ρ υ φ ο ινι κῶνος παρέξω σοι μέρος ἥ μι συ καὶ σι ἀ ρτάβην μίαν μέτρῳ δημοσίῳ ῳ , τῶν δημοσίων πάντων καὶ ἐπιβολῶν ὄν τω ν πρὸ ς σὲ τὴν γεοῦχον, καὶ ἐπερ ωτηθεὶς ὡμολ όγησα . ὑπατείας τῶν δ εσποτῶν ἡμῶν Κωνσταν τ ί ο υ τὸ β κ α ὶ Κώνσταν τ ος τὸ α τῶν αἰωνίων Αὐγούστων Φαμενὼθ κδ . Αὐρη λ ια Ταλοῦς ἡ προκ ειμένη διʼ ἐμοῦ Θεοδώρου ἐξεμίσθωσα ὡς πρόκ ειται καὶ ἐφʼ ᾧ σε ποιῆσαι τὴν διαλογὴν τούτων καὶ ἐνεγκ ε ῖν μ ου εἰς τὴν οἰκίαν.",748
p.panop.19colviiib,p.panop.19colviiib,16164s,"['en', 'grc']",,,,,ὀν όματος υἱῶν Ἀλώπηκος ὑπ ὲρ στεγέστρου ιδ ἰνδ ικτίωνος τὰ αἱροῦντα. ὑπατείας Ἀντωνίου Μαρκελλίνου καὶ παι Πετρωνίου Προβίνου Προβουνου τῶν λαμπροτάτων. Θεόδωρ ος ἐξ έδωκα .,174
p.panop.19colivb,p.panop.19colivb,16164j,"['en', 'grc']",,,,,ὀνόμ ατος υἱῶν Βήκιος Ἀλώπηκος ὑπὲρ ιγ ἰνδικ τίωνος στιχ αρίου Ταρσικ οῦ ἕκτον μό νον . ὑπατείας τὸ β καὶ τὸ α Θὼθ ε . Ἄγαθος ἐξ έδωκα τὴν ἀποχ ήν .,148
p.panop.19colixa,p.panop.19colixa,16164v,"['en', 'grc']",,,,,"ὀν όματος υ ἱ οῦ υ ἱ ος β φαμ ι ς Βη σᾶ Ἀντωνίνου Ἀλώπηκος Ἀλωηγος ὑπὲρ α φυλῆς προεδρία ς Τριαδέλφου χαρτῶν πα ματησίων χωρούντων τῇ ἡγεμονικῇ τάξει χάρτ αι ἕξ, γί νονται χάρ ται ϛ . Ἀπόλλων Βησᾶ ἀπαιτ ητὴς ἐξ έδωκα ὡς πρόκ ειται .",232
p.panop.27,p.panop.27,16197,"['en', 'grc']",26. Apr. - 25. Mai 323,0323-04-26,0323-05-25,Panopolis,"Ο ὐ ι κτωρινιανῷ τῶι διασημοτάτῳ ἡγεμόνι π αρὰ Πασνῶτος Βησᾶ καὶ Ἑρμοδώρας Βησᾶ τοῦ καὶ Δωσιθέου ἄρξ αντος καὶ κληρονόμων Ταναίνιος ἀδελ φῆς ἀπὸ Π ανὸς πόλεως τῆς λαμπροτάτης. εἰ τοῖς μεγάλα δυναμένοις προεχώρει ο ἷ ς ἂν ἐπιχειρῶσι καὶ εἰ μὴ τῇ τῶν νόμων ἐπεξελεύσει ἀνεκόπτοντο, ἀβίωτος ἂ ν ἐγίνετο ὁ τῶν μετρίων βίος. τὸ δὲ πρᾶ γ μα οὕτω ς ἔχει· ὑπάρχει ἡμῖν οἰκ ί α καὶ ἔπαυλις ἐ πὶ τοῦ α ἀμφόδου πόλεως πρὸς τοὺς κ ο ι νωνοὺς ων κατὰ τὰ μέρη, καὶ οὐκ οἴδαμεν τ ίνι τρό π ωι οἱ υπα ωνος ἁλιέως υἱοί, ὧ ν τὰ ὀνό μ ατα καὶ Π ρ οσ τ ά τ ης καὶ Μαρκέλλος καὶ Π Παχούμιος ἁλιέως η ες μηδὲ ἐν στέρνοις ἔχ οντες τὸν τοῦ δικαστηρίο υ φόβον, τῇ πολυχειρίᾳ δὲ αὐτῶν πισ τεύοντε ς ὡς ἰσχυροτέρᾳ οὔσῃ τῶν ν όμων τωι μηδενὶ λόγωι χρησάμεν οι τῆς οἰκί ας καὶ τῆς ἐπαύλεως κ δὲ ἐ ά σ αντες ἐπὶ ῥύμης. μέτριοι δὲ ὄντες καὶ μὴ δυ νάμενοι πρὸς τὸ πλῆθος τῶν νεανίσκων ἀναγκαίω ς ἐπιδιδόαμέν σοι ταῦτα τὰ βιβλία ἀξιοῦν τες ἐκδικηθῆναι πρὸς τὸ δύνασθαι ἡμᾶς τῆς δεούση ς ἐκδικίας ἐκδικείας τυχεῖν. τὰ ἴ σα δ ὲ τούτων ἐπιδεδώκαμεν τῷ σκρίβᾳ τῆς βουλῆς. τρίτον μέλλουσιν ὑπάτοις Παχών Πασνῶς ὁ προκ είμενος ἐπιδέδωκα ἐπειδέδωκα ὡς πρόκ ειται · ἔγραψα κ αθὼς π ρό κ ειται ἐ γ ὼ Πασνῶς.",1165
p.panop.19colxb,p.panop.19colxb,16164y,"['en', 'grc']",,,,,ὀν όματος υἱοῦ υἱος Βησᾶ Ἀντωνίνου δι ὰ αλ Πασνῶτος Πασνως ὑπὲρ δ ἰνδικ τίωνος στιχαρίου τὰ αἱροῦντα. ὑπατείας Ἀμαντίου καὶ Ἀλβίν ο υ τῶν λαμπροτάτων Χοιὰκ δ . Δίδυμος ἐξ έδωκα . Εὐ ι ος ἐξ έδωκα . Θεωνᾶς ἐξ έδωκα .,215
p.panop.12,p.panop.12,16158,"['en', 'grc']",27. Nov. - 26. Dez. 337,0337-11-27,0337-12-26,Panopolis,"Α ὐρηλίᾳ Θεοδώρᾳ Πανίσκου ἀπὸ Πανὸς πόλ εως π αρὰ Αὐρηλ ίου Γερμανοῦ Λυκαρί ον ο ς ἀπὸ τῆς α ὐτῆς . μεμίσθω μαι πα ρὰ σο ῦ ἀπ ὸ τ οῦ ὄντος μ η ν ὸς Χοιὰκ λομαι χρόνον ἐξέδ ρ αν καὶ ταμιεῖον ταμῖον κ ιας οὔσης ἐπὶ τοῦ β ἀμφόδου πόλεως καὶ τελέσω σοι ὑπὲρ ἐνοικίου ἑκάστου ἔτους ἀργυ ρίου τάλαντα εἴκοσι πέντε, γί νονται τάλαντα κε , ἀφήσω σοι ὡς παρείληφα, καὶ ἐπερ ωτηθεὶς ὡμολ όγησα . ὑπατείας Φ λαυί ο υ Φη λι κιαν ο ῦ κ αὶ Φ α βί ου Τ ι τιανοῦ τῶν λαμπροτάτων Χ ο ιὰ κ ἐγρ άφη διʼ ἐμοῦ Ἀπ όλλων ος.",501
p.panop.1,p.panop.1,16147,"['en', 'grc']",298 - 299,0298,0299,Panopolis,Αὐρηλίᾳ παρʼ Αὐρη λι Μητ ρ ο πα ρὰ σοῦ ἀπ ἔτη τ ρί α ψιλ η τω σαν εστ ἑκάστης κ προσα α κ α τʼ ἐξ α ίρετον δὲ ποτίσω εἰς ἀλλότρ ια ἐδάφη ἥμισυ τ ῶ ν δημοσίων ὄντων πρὸς σὲ τὴν γεοῦχον. ἔτους ιε καὶ ἔτους ιδ καὶ ἔτους ζ τῶν κυρ ίων ἡμῶν Διοκλητιανοῦ καὶ Μαξιμιανοῦ καὶ Κωνσταντίου καὶ Μαξιμι α νοῦ Σεβαστῶν ἐμίσθωσα ὡς πρ ό κειται. Βησᾶς ὡς πρ ό κειτ αι .,354
p.panop.19coliva,p.panop.19coliva,16164i,"['en', 'grc']",,,,,ὀνό ματος υ ἱ ῶν Βήκιος Ἀλώπεκος ὑπὲρ ιβ ἰνδικ τίωνος στιχαρίου Ταρσικοῦ ἕκτον μόνον. ὑπατείας Οὔρσου καὶ Πολεμίου τῶν λα μ προτάτων λαπρ οτα των ιεραξ Ἰ έραξ ἐξ έδωκα . Θεόδωρος συνεξ έδωκα Τῦβι ιε .,200
p.panop.21,p.panop.21,16192,"['en', 'grc']",26. Mai 315,,,Panopolis,,0
p.panop.19colvii,p.panop.19colvii,16164q,"['en', 'grc']",,,,,ὀνόμ ατος υἱῶν Ἀλώπηκος ὑπ ὲρ στεγάστρου ἀπὸ ι ἕω ς ιβ δι ὰ Ἀπόλλωνος ἀποδέκτου τὰ αἱροῦντα. ὑπατείας Κωνσταντίου τὸ β καὶ Κώνσταντος τὸ α Φαρμοῦθι δ . Περσεὺς σεση μείωμαι .,174
p.panop.5,p.panop.5,16151,"['en', 'grc']",12. Nov. 334 (Tag unsicher),,,Panopolis,"Αὐρηλί ῳ Πασνῶτι Ἀλώπηκος Ἀλώπηξ ἀπὸ Πανὸς πόλεως παρὰ Αὐ ρηλίου Γελα σ ίου Πβή κ ιος γεωργοῦ γ εορ γο ῦ ἀπὸ τῆς αὐτῆ ς Πανὸς πόλεως. βούλομαι μισθώ σ ασθαι παρὰ σοῦ πρὸς τὸ ἐνεστὸς ἔτος τόπον πρότερον ἐν φοινικῶ νι ἐκ ν ότ ου εἰς κατ άθεσιν ᾧ εὰν β ούλω μαι φόρου ἀποτάκτου κριθῆ ς ἀρταβ ῶν ἐννέα, γί νονται κριθ ῆς ἀρτάβαι θ , μέτρ ῳ σο τῶν δημ οσ ί ων ὄντων πρὸς σὲ τὸν γεοῦχον. ὑπατείας Φ λαυίου Ὀπτ άτου πατρικίου καὶ Ἀνικίου Παυλίνου τῶν λαμ προτάτων Ἁθὺρ ιϛ . αχομ μα δ η ρι π",483
p.panop.19colic,p.panop.19colic,16164c,"['en', 'grc']",,,,,"ὀνό ματος υ ἱ ῶν Βησᾶ Ἀντωνίνου Ἀλώπηκος ὑπ ὲρ β ἰνδικ τίωνος στιχ αρίου ἕκτον, γί νεται ϛ μ όνον . ὑπατείας Φουρίου Πλακίδου καὶ Φλαυίου Ῥωμύλου τῶν λαμπροτάτων Θὼθ κα . Διονύσιο ς ἐξ έδωκα .",192
p.panop.19colv,p.panop.19colv,16164l,"['en', 'grc']",,,,,"ὀνό ματος υ ἱ ῶν Ἀλώπηκος ὑπ ὲρ ιδ ἰνδικτίωνος στιχαρίου Ταρσ ικοῦ ἕκτον, γί νεται στιχ αρίου ϛ μόνο ν ὑπατείας Ἀκινδύνου καὶ Προκούλου. Ἄγαθος ἐξ έδωκα .",154
p.panop.16,p.panop.16,16161,"['en', 'grc']",324,,,Panopolis,"ὀν ό ματος Πασν ῶ τος π ρεσβυτέρου Ἀλ ώ πεκος διεγρ άφησαν ἐ π ὶ δ ημοσίαν τράπ εζ αν τιμ ῆς κριθ ῆς ὑπὲρ υ δ δ ἰνδικ τίωνος δραχμ ὰς 𐅵 τετρακισχιλίας τετρακισχειλιας τετρικισχειλαας ἐννακοσίας, γίνονται δραχμαὶ Δϡ . τέταρτ ο ν μέλλουσιν ὑπάτοις. Ἀπολλωνίδης διʼ ἐμοῦ Πολυκράτους υἱοῦ σεσημ είωμαι .",299
p.panop.19colivc,p.panop.19colivc,16164k,"['en', 'grc']",,,,,ὀνό ματος υἱῶν Βήκιος Ἀλώπηκος ὑπ ὲρ ιε ἰνδικ τίωνος ὑπ ὲρ στεγέστρου χλαμ ύδος ἕκτον μόνον μον . ὑπατείας τὸ γ καὶ τὸ β . Περσεὺς διʼ ἐμοῦ Θεοδώρου υἱοῦ υιος ἐξ έδωκα .,169
p.panop.10,p.panop.10,16156,"['en', 'grc']",21. Sept. 341,,,Panopolis,"ὑ πὲ ρ φ ό ρου ἐλα ιῶν τὸ ἥμι συ ἐ λαίας πυθμένα ἕνα υ καὶ κεραμέως διδομένων ὑ φʼ ἡμῶν τῶν μι σθω τῶν, ἀντὶ δὲ τούτων ἐξέστα ι ἡμῖν ποτίσαι ἀλλότρια ἐ δ άφη χωρὶς φόρου ὑδρείας, τ ῶν δημοσίων ὄντων πρὸς σὲ τὸν γεοῦχον. ὑπατείας Μαρκελλίνου καὶ Προβίνου τῶν λαμπροτάτω ν Θὼθ κδ . ὑπεγράφη ὡς πρόκειται πρόκκειται , καὶ δ ύ ο σφυ ρίδια. ἐγράφη διʼ ἐμοῦ Ἀρτεμιδώρου.",364
p.panop.19colvic,p.panop.19colvic,16164o,"['en', 'grc']",,,,,ὀνό ματος Βησᾶ Ἀντωνίνου Ἀλώπη κος ὑπ ὲρ στεγέστρου α καὶ β καὶ γ καὶ δ καὶ ε ἰνδ ι κτιόνων τὰ αἱροῦντα. ὑπατείας τὸ δ καὶ τὸ γ Ἁθὺρ Βησᾶ ς ἐξ έδωκα τὴν ἀποχ ήν .,162
p.panop.15,p.panop.15,16160,"['en', 'grc']",16. Jan. 309,,,Panopolis,"τῶν ὑπὸ Μαρκελλῖνον πραιπ όσιτον ἱππεὺς τῆς ἔναγχος ἐπιβληθ είσης ὀνό ματος Πασνῶτος Βησᾶ ὑπ ὲρ ?πάγου λίτραι δέκα μόναι, γί νονται λί τραι ι μόναι. ὑπατείας τὸ ι καὶ τὸ ζ πρὸ ζ Καλανδ ῶ ν Ἰ ανουαρίων. ιος σεση μ είω σεση μ ίω μαι",230
p.panop.19colixb,p.panop.19colixb,16164w,"['en', 'grc']",,,,,ὀνό ματος υ ἱ ῶν Ἀλώπηκος Ἀλόπηκος ὑπ ὲρ ιβ ἰνδικ τίωνος χρυσοῦ τελωνικ οῦ γρά μμα ἕν μ ό νο ν . μετὰ τὴν ὑπατείαν Οὔρσου καὶ Πολεμίου Μεχεὶρ θ . Βησάμμων ἐξ έδωκα .,165
p.panop.19colviiic,p.panop.19colviiic,16164t,"['en', 'grc']",,,,,"ὀν όματος Βησᾶ Ἀντωνίνου Ἀλώ πηκος ιγ ἰνδικτ ίωνος χρυσοῦ τελωνικοῦ γράμματος γραματα ἥμ ι συ τρίτον δωδέκατον τετρακαιεικοστὸν τετρακαιεικωστὸν τεσσαρακοστόγδοον τεσσαρακωσογκτωον ἐνενηκόσθεκτον ἐννηκωστεκ , γί νεται γρ άμματος 𐅵 γ ιβ κδ μη ϙϛ . Μεσορὴ κγ . Θεόδωρος ἐξ έδωκα .",278
p.panop.30,p.panop.30,16200,"['en', 'grc']",5. Aug. 332,,,Panopolis,"ἐ ξ ὑ πο μ ν ημ ατισμ ῶν Φ λα υ ί ου Κυ ι ν τιλιανοῦ διὰ Σερή νου ἐξάκτο ρος Παν ο πολεί του ὑπατεί ας ὑ πα τί ας Π απίο υ Πα κα τι ανοῦ τοῦ λ αμ πρ οτάτ ο υ ἐπ άρχου τοῦ ἱεροῦ πρ αι τωρίου καὶ Μεκι λίου Ἱλαρ ιανο ῦ τ ο ῦ λ αμπ ροτάτ ου Μεσορὴ ιβ ἐν τῷ δημοσίῳ λο γ ιστη ρίῳ, π αρό ντ ων ἐν συμβουλίῳ Π α νίσ κ ο υ Θ εμισ τ ο κλέους καὶ ε κτα σ νο συν θα ν ίου ἐ ξ κέ πτ ορος καὶ Μα ὀφ φ ικιαλίου ἡγεμονίας Θηβαί δ ος καὶ Τιμο θ έου ἀρχιυπηρέτου καὶ τῶ ν λ οι π ῶ ν ὑπηρετῶν ευ ι ρ εἶπ εν ὑπὲρ Πασνῶτ ος Ἀλώπηκος· ὀ νομασθεὶς εἰ ς κτηναρχίαν θοτι πα ουρ ε ας κ αὶ νε σκ ἡ γεμονία ς παρα τιθ δι κ α ι ο δ οσίαν θείσης απ ν ὁ ἡγεμὼ ν προνο ί ᾳ τοῦ ἐκδί κο υ ρο ν παρ έθε τ ο Πανίσκῳ τ ῷ ἐκδίκ ῳ κ ει α ἀ πεφήνατο ὁ κ ύριό ς μου ἡ γεμὼν κ αταπ ι ὀφείλειν τὸν β ο ηθούμεν ον ἀφ εθ ῆνα ι κ αὶ μ ι α ὐτὸν εἰς τὸ φρό ντ ι σ μα τ ῆς κτη ναρχία ς τεσηαλ τὴν πρ οβ αλομένη ν αὐ τ ὸν Βησ οῦ ν ἢ ἕ τερο ν κτ η ν άρ χ η ν ἀπο δ εῖξαι αὐτ ὴ ν ἐπι τήδειον πρὸς τὸ λειτούργ ημα. καὶ εἰ δ ο κεῖ ἀναγνώσο μ α ι τά τε ὑπομνήματ α τοῦ κυρίο υ μου ἡγεμό νο ς κ αὶ τὸ παρὰ τ οῦ τ ω ἐκδίκου ἐκδίκω π ρα χ θέν, ἵνα οὕτω μετα λά βῃ σου ἡ ἐπιείκει α ἐπιείκι α τὴν με τ ριό τ ητα τ ούτου τοῦ μέρ ο υ ς. τούτο υ μὲν ἀν αγνω σθ έντ ο ς με τὸ ἐπίσταλμα τὸ φο ι τῆσαν πρὸς Βησο ῦ ν ε αυ τῆς κτη ναρχί α ς φρόν τι σ μα τ ο ῦ κατ ὰ πρόσ τα γμα ἡγε μονικὸν ν α το ῦ κ υρίου μου διασημοτ ά του ἡγεμ ό νο ς Φλαυ ί ου Κυ ι ντιλ ια νοῦ. α κυ ρ ίου μου τοῦ διασημοτάτου ἡγεμόνος Φλαυ ί ου Κυ ι ντιλιανοῦ. μετʼ ἄ λ λα ἐπὶ ἀποφά σεως οὕτω Φλα ύιος Κυι ντιλιανὸς ὁ διασημότ ατος ἡγεμὼν Θηβ αίδος εἶπ εν . ἐ πειδὴ ὁ γαμβρὸς αὐτοῦ, ὅσ τις παρε θεαις τ ῶν ἐπαρχιωτῶν ἐπαρχειωτῶν , καὶ τ ο ἐξυπη ρετεῖσθαι γινώσκε ται , εἰ ἄ λλον υ ἱ ὸν οὐκ ἔχει τὸν ὑπὲρ τὸ λειτούργημα δυνάμενον πληρῶσαι, ματι τοῦ γήρως, ἐπειδὴ λίαν ὑπερβεβηκέναι τῇ ἡλικί ᾳ φαίνεται, ἀπολ υ θήσεται ἀπὸ τῆς κτη να ρχίας, καὶ ἄλλο ν εἰς τ ους ὀνομασθῆναι, ὅστις ἐν τῇ αὐτῇ συμμορίᾳ ἐπιτήδει ο κ α ὶ τὰ ἑξῆς. μετὰ τὴ ν ἀ νάγνωσιν προσ έ θηκ εν· ὁ κύρ ιός μ ου ἡγεμὼν ἐντυχόντος αὐτῷ Πασνῶτος ἐδοκίμασ εν τ ὴν ἡλικίαν αὐτοῦ καὶ ἐ κ έ λευ σεν ἕτερον ἀντʼ αὐτοῦ ὀνο μασθ ῆναι πρ ον οίᾳ τοῦ ἐκδίκ ου . ὁ ἔκδικος ἀκόλουθα πράττων τ ῷ ἡγ εμονικῷ προστάγματι ἀπ ε φήν ατο ἐπιστέλλων Βησοῦ ν ἕτερον εἰς τόπον αὐτοῦ ἀ να δοῦναι ἢ αὐτὴν ὑποστῆναι τ ὸ λειτού ργημα. καὶ ἵ να γνῷ σου ἡ ἐπι εί κεια ἐπι εί κια , ἀναγνώσομαι καὶ τὰ ἔ πειτα γενόμενα. καὶ ἀν έγ νω ὑπόμνημα γεγενημέν ον ὑπὸ Πα νίσκου τοῦ γενομένου ἐκ δί κου κεχρονισμένον εἰς ὑ πατείαν Ἰ ουνίου Βάσσου καὶ Φ λαυ ί ου Ἀβλαβίου τῶν λαμπ ροτάτω ν ἐπάρχων Φαῶφι κε . μετʼ ἄλλα ἐπὶ ἀποφάσεως οὕτω Πανίσκος ἔκδικ ο ς εἶπ εν · ἡ φιλανθρωπία τοῦ κυρίου μου ἡ γε μόνος, ὥς γε φαίνεται ἐκ τ οῦ ἀ ναγνωσθέντος ὅρου, ἱ κανὴν ἐπικουρίαν πα ς τῷ ὑπὸ σ οῦ συναγορευομένῳ π α ρεί χετο πρ οσ θεῖσα καὶ προφάσ εις ε ὐπ ρεπεῖς, ὅτι τε ὑπέργηρω ς τυγχάνοι καὶ ὅ τι τ α γ ας ηθε κει τοῦ πάσας τὰς ας κοσμοῦ ν τος. τούτου χ άριν ἐπισταλήσεται Βησοῦς ἡ προβαλομέ νη αὐτ ὸ ν εἰς τ ῆς κτηναρχίας φρόν τισ μα ἢ ἕτερον ἀποδεῖξαι τὸν δ υν ά μενον τὴν κτηναρχίαν",3005
p.panop.19colvib,p.panop.19colvib,16164n,"['en', 'grc']",,,,,"ὀνό ματος υἱῶν υ ἱ οι Ἀλώπηκος Ἀλώπικος ὑπ ὲρ α νέας ἰνδικ τίωνος στιχαρίου στιχαριων Ταρσικοῦ Ταρσικῶν ἕκτον ἕκκτον , γί νεται στιχ αρίου ϛ . ὑπατείας τὸ γ καὶ τὸ β Ἁθὺρ κζ . Χαρίσιος ἐξ έδωκα . Ἱ έραξ συνεξ έδωκα .",216
p.panop.4,p.panop.4,16150,"['en', 'grc']",19. Okt. 314,,,Panopolis,"αι αρ βουλ όμεθα μισθώσασ θαι παρʼ ὑμῶν ἐπὶ χρό ν ο ν τε τ ραετ ῆ ἐ λαιοφοινικ ῶνα ὑμῶν διαφθαρέντα περὶ τὴν μητρόπολιν, ὅνπερ ποτίσομεν, καὶ πᾶσ α ν ἐπιμέλεια ν αὐτο ῦ ποιησόμεθα παρέχον τ ες ὑμῖν ὑπὲρ φόρου κατʼ ἔτος φοινίκω ν ὅσ ον ἐὰν ἐκλέξητε ἑαυτοῖς, τοῦ ἀργυρικοῦ τ εκτονικοῦ φόρου διδομένου ὑφʼ ἡμῶν κα τὰ τὸ ἥ μ ισυ, τῆ ς ἀνοικοδομῆς πλαστῶν γεινομένης ὑφʼ ἡμ ῶν ὁ μ ο ίως ὁ μίως κατὰ τὸ ἥμισυ, ἔτι δὲ μὴν καὶ περι χωματίσαι τὸ κτῆμα ἐν τελείᾳ ἀναβάσει, τῆς δὲ ἐπισκευ ῆς τοῦ ὑ δρε ύματος εἰ δέοι κ α ὶ δημ ο σίων πάντων τοῦ αὐτ οῦ ἐ λ αιοφοινικῶν ο ς ὄντων πρὸς ὑμᾶς, ἔχον τες εἰς γε ωργ ί α ν τ ὰς πρ οσπ αρακειμένας σιτικῆς γῆς ἀρ ο ύρας δύο ἥμισυ ἀπ ὸ τ οῦ ν ῦ ν ἐπὶ τὸν ἐγ κε ί μενο ν χ ρόν ο ν χωρὶ ς φ ό ρ ο υ, ντες τούτων τὰ δη μόσια π άντα ω μ ν , τῶν δὲ ἄλλων ἀννω νων καὶ ν ὄντων πρὸς ὑμ ᾶς . ὑπατείας Ῥ ουφίου Οὐολουσιανοῦ καὶ Πετρωνίου Ἀννιανοῦ τῶν λαμ προ τάτων Φαῶφι κβ . διʼ ἐμοῦ Ἀπολλω ν ε ἰς τὸν προ κείμενον χ ρό ν ο ν καὶ ποτίζων ποδ ί ζον μετὰ τὴν τριετία ν κ ατὰ τὸ ἥμισυ .",1004
